track_id,blues,classical,country,disco,hiphop,jazz,metal,pop,reggae,rock,true_labels
blues.00000.wav,0.715,0.009,0.098,0.036,0.02,0.039,0.005,0.002,0.01,0.066,blues
blues.00001.0.wav,0.754,0.001,0.089,0.006,0.019,0.004,0.003,0.001,0.082,0.041,blues
blues.00002.0.wav,0.218,0.052,0.181,0.053,0.035,0.082,0.033,0.004,0.049,0.293,blues
blues.00003.0.wav,0.381,0.012,0.219,0.02,0.073,0.036,0.008,0.02,0.113,0.118,blues
blues.00004.0.wav,0.71,0.008,0.15,0.016,0.015,0.027,0.007,0.002,0.03,0.035,blues
blues.00005.0.wav,0.226,0.005,0.292,0.051,0.048,0.025,0.008,0.014,0.223,0.108,blues
blues.00006.0.wav,0.772,0.006,0.063,0.007,0.027,0.023,0.0,0.014,0.064,0.024,blues
blues.00007.0.wav,0.544,0.009,0.218,0.011,0.024,0.037,0.001,0.009,0.115,0.032,blues
blues.00008.0.wav,0.677,0.004,0.102,0.027,0.023,0.015,0.012,0.004,0.022,0.114,blues
blues.00009.0.wav,0.359,0.011,0.165,0.028,0.047,0.147,0.003,0.008,0.192,0.04,blues
blues.00010.0.wav,0.321,0.021,0.267,0.012,0.05,0.152,0.002,0.014,0.125,0.036,blues
blues.00011.0.wav,0.75,0.005,0.076,0.01,0.019,0.006,0.001,0.006,0.11,0.017,blues
blues.00012.0.wav,0.896,0.002,0.039,0.0,0.005,0.033,0.002,0.001,0.018,0.004,blues
blues.00013.0.wav,0.782,0.008,0.057,0.008,0.004,0.122,0.0,0.003,0.007,0.009,blues
blues.00014.0.wav,0.858,0.004,0.021,0.005,0.011,0.043,0.004,0.001,0.042,0.011,blues
blues.00015.0.wav,0.918,0.0,0.03,0.001,0.005,0.02,0.0,0.001,0.021,0.004,blues
blues.00016.0.wav,0.899,0.001,0.028,0.006,0.007,0.011,0.0,0.001,0.042,0.005,blues
blues.00017.0.wav,0.858,0.006,0.047,0.001,0.003,0.056,0.001,0.001,0.02,0.007,blues
blues.00018.0.wav,0.745,0.012,0.042,0.017,0.008,0.12,0.001,0.013,0.02,0.022,blues
blues.00019.0.wav,0.904,0.007,0.021,0.006,0.003,0.046,0.0,0.0,0.007,0.006,blues
blues.00020.0.wav,0.773,0.011,0.05,0.003,0.004,0.134,0.001,0.001,0.009,0.014,blues
blues.00021.0.wav,0.912,0.002,0.017,0.005,0.009,0.023,0.001,0.003,0.021,0.007,blues
blues.00022.0.wav,0.903,0.0,0.022,0.004,0.009,0.019,0.001,0.005,0.027,0.01,blues
blues.00023.0.wav,0.608,0.026,0.085,0.005,0.011,0.204,0.002,0.004,0.034,0.021,blues
blues.00024.0.wav,0.855,0.006,0.042,0.0,0.003,0.061,0.001,0.002,0.022,0.008,blues
blues.00025.0.wav,0.633,0.015,0.068,0.002,0.01,0.211,0.0,0.009,0.04,0.012,blues
blues.00026.0.wav,0.888,0.006,0.011,0.002,0.003,0.06,0.002,0.002,0.017,0.009,blues
blues.00027.0.wav,0.847,0.016,0.017,0.005,0.004,0.077,0.001,0.0,0.021,0.012,blues
blues.00028.0.wav,0.827,0.014,0.038,0.001,0.003,0.081,0.007,0.0,0.015,0.014,blues
blues.00029.0.wav,0.491,0.002,0.116,0.03,0.05,0.021,0.006,0.027,0.178,0.079,blues
blues.00030.0.wav,0.718,0.005,0.159,0.008,0.011,0.016,0.001,0.008,0.028,0.046,blues
blues.00031.0.wav,0.731,0.02,0.1,0.012,0.006,0.064,0.001,0.007,0.031,0.028,blues
blues.00032.0.wav,0.831,0.006,0.05,0.005,0.006,0.011,0.0,0.003,0.057,0.031,blues
blues.00033.0.wav,0.635,0.008,0.157,0.009,0.014,0.036,0.003,0.009,0.086,0.043,blues
blues.00034.0.wav,0.856,0.002,0.049,0.004,0.009,0.017,0.001,0.004,0.043,0.015,blues
blues.00035.0.wav,0.805,0.006,0.09,0.008,0.005,0.014,0.002,0.003,0.028,0.039,blues
blues.00036.0.wav,0.864,0.01,0.059,0.006,0.006,0.022,0.003,0.007,0.013,0.01,blues
blues.00037.0.wav,0.832,0.01,0.036,0.005,0.004,0.046,0.0,0.003,0.042,0.022,blues
blues.00038.0.wav,0.834,0.0,0.068,0.013,0.017,0.007,0.003,0.005,0.025,0.028,blues
blues.00039.0.wav,0.612,0.064,0.112,0.01,0.016,0.085,0.0,0.01,0.057,0.034,blues
blues.00040.0.wav,0.811,0.003,0.015,0.013,0.005,0.01,0.077,0.0,0.001,0.065,blues
blues.00041.0.wav,0.788,0.002,0.031,0.033,0.015,0.008,0.045,0.0,0.015,0.063,blues
blues.00042.0.wav,0.794,0.006,0.014,0.014,0.008,0.085,0.032,0.002,0.01,0.035,blues
blues.00043.0.wav,0.731,0.002,0.029,0.072,0.015,0.031,0.027,0.003,0.02,0.07,blues
blues.00044.0.wav,0.56,0.019,0.039,0.024,0.011,0.146,0.106,0.002,0.004,0.089,blues
blues.00045.0.wav,0.763,0.022,0.01,0.007,0.003,0.057,0.065,0.003,0.003,0.067,blues
blues.00046.0.wav,0.771,0.002,0.036,0.025,0.014,0.024,0.022,0.007,0.026,0.073,blues
blues.00047.0.wav,0.787,0.025,0.013,0.007,0.003,0.055,0.046,0.002,0.002,0.06,blues
blues.00048.0.wav,0.775,0.004,0.033,0.034,0.017,0.009,0.045,0.0,0.009,0.074,blues
blues.00049.0.wav,0.265,0.046,0.21,0.018,0.01,0.248,0.016,0.005,0.045,0.137,blues
blues.00050.0.wav,0.779,0.002,0.014,0.033,0.01,0.012,0.071,0.002,0.006,0.071,blues
blues.00051.0.wav,0.742,0.014,0.05,0.034,0.022,0.026,0.062,0.001,0.006,0.043,blues
blues.00052.0.wav,0.763,0.001,0.037,0.016,0.021,0.012,0.003,0.007,0.104,0.036,blues
blues.00053.0.wav,0.748,0.001,0.017,0.041,0.09,0.001,0.045,0.002,0.02,0.035,blues
blues.00054.0.wav,0.228,0.002,0.041,0.071,0.125,0.006,0.315,0.004,0.025,0.183,blues
blues.00055.0.wav,0.374,0.002,0.047,0.105,0.142,0.01,0.182,0.009,0.04,0.089,blues
blues.00056.0.wav,0.754,0.0,0.049,0.029,0.041,0.007,0.012,0.002,0.071,0.035,blues
blues.00057.0.wav,0.752,0.001,0.052,0.027,0.078,0.002,0.034,0.001,0.018,0.035,blues
blues.00058.0.wav,0.771,0.001,0.061,0.043,0.034,0.009,0.032,0.004,0.016,0.029,blues
blues.00059.0.wav,0.241,0.004,0.03,0.178,0.107,0.008,0.267,0.012,0.02,0.133,blues
blues.00060.0.wav,0.4,0.009,0.049,0.063,0.068,0.021,0.233,0.003,0.023,0.131,blues
blues.00061.0.wav,0.68,0.002,0.004,0.015,0.008,0.009,0.241,0.0,0.002,0.039,blues
blues.00062.0.wav,0.68,0.003,0.056,0.049,0.057,0.014,0.028,0.003,0.038,0.072,blues
blues.00063.0.wav,0.232,0.011,0.056,0.179,0.091,0.075,0.097,0.004,0.037,0.218,blues
blues.00064.0.wav,0.771,0.011,0.009,0.014,0.004,0.022,0.103,0.0,0.0,0.066,blues
blues.00065.0.wav,0.259,0.013,0.043,0.103,0.044,0.06,0.126,0.007,0.023,0.322,blues
blues.00066.0.wav,0.19,0.007,0.071,0.155,0.104,0.031,0.107,0.005,0.034,0.296,blues
blues.00067.0.wav,0.283,0.018,0.112,0.094,0.075,0.036,0.118,0.004,0.033,0.227,blues
blues.00068.0.wav,0.734,0.013,0.024,0.025,0.01,0.066,0.048,0.003,0.006,0.071,blues
blues.00069.0.wav,0.732,0.012,0.033,0.026,0.014,0.045,0.033,0.002,0.007,0.096,blues
blues.00070.0.wav,0.244,0.009,0.223,0.108,0.074,0.043,0.049,0.011,0.061,0.178,blues
blues.00071.0.wav,0.715,0.034,0.01,0.006,0.002,0.019,0.144,0.0,0.001,0.069,blues
blues.00072.0.wav,0.227,0.044,0.048,0.043,0.008,0.15,0.147,0.005,0.009,0.319,blues
blues.00073.0.wav,0.764,0.006,0.02,0.043,0.026,0.025,0.066,0.011,0.006,0.033,blues
blues.00074.0.wav,0.659,0.0,0.022,0.132,0.06,0.007,0.031,0.016,0.022,0.051,blues
blues.00075.0.wav,0.676,0.0,0.003,0.067,0.163,0.0,0.038,0.009,0.034,0.01,blues
blues.00076.0.wav,0.314,0.004,0.043,0.151,0.133,0.017,0.167,0.016,0.055,0.1,blues
blues.00077.0.wav,0.269,0.004,0.045,0.229,0.123,0.009,0.099,0.027,0.037,0.158,blues
blues.00078.0.wav,0.229,0.024,0.018,0.115,0.02,0.038,0.297,0.003,0.004,0.252,blues
blues.00079.0.wav,0.715,0.003,0.005,0.032,0.004,0.006,0.178,0.0,0.001,0.056,blues
blues.00080.0.wav,0.749,0.003,0.056,0.045,0.055,0.007,0.008,0.008,0.012,0.057,blues
blues.00081.0.wav,0.238,0.061,0.024,0.147,0.025,0.053,0.212,0.005,0.009,0.226,blues
blues.00082.0.wav,0.36,0.014,0.117,0.124,0.114,0.04,0.054,0.028,0.03,0.119,blues
blues.00083.0.wav,0.719,0.005,0.012,0.017,0.022,0.019,0.154,0.001,0.004,0.047,blues
blues.00084.0.wav,0.263,0.018,0.057,0.168,0.093,0.06,0.07,0.024,0.021,0.226,blues
blues.00085.0.wav,0.845,0.001,0.069,0.005,0.007,0.02,0.001,0.005,0.039,0.008,blues
blues.00086.0.wav,0.484,0.0,0.075,0.013,0.033,0.012,0.005,0.004,0.339,0.035,blues
blues.00087.0.wav,0.815,0.001,0.079,0.006,0.014,0.009,0.001,0.004,0.056,0.015,blues
blues.00088.0.wav,0.33,0.069,0.238,0.027,0.018,0.118,0.007,0.01,0.065,0.118,blues
blues.00089.0.wav,0.755,0.041,0.088,0.003,0.009,0.064,0.001,0.002,0.028,0.009,blues
blues.00090.0.wav,0.688,0.0,0.03,0.004,0.033,0.001,0.001,0.003,0.213,0.027,blues
blues.00091.0.wav,0.693,0.012,0.101,0.017,0.011,0.042,0.007,0.009,0.062,0.046,blues
blues.00092.0.wav,0.793,0.005,0.041,0.001,0.012,0.018,0.002,0.0,0.112,0.016,blues
blues.00093.0.wav,0.666,0.082,0.025,0.001,0.006,0.17,0.002,0.007,0.009,0.032,blues
blues.00094.0.wav,0.788,0.002,0.082,0.018,0.022,0.022,0.001,0.015,0.029,0.021,blues
blues.00095.0.wav,0.7,0.005,0.157,0.01,0.018,0.004,0.005,0.008,0.056,0.037,blues
blues.00096.0.wav,0.196,0.215,0.225,0.01,0.005,0.26,0.002,0.015,0.03,0.042,blues
blues.00097.0.wav,0.391,0.023,0.284,0.025,0.026,0.062,0.004,0.012,0.078,0.095,blues
blues.00098.0.wav,0.671,0.0,0.002,0.075,0.026,0.004,0.156,0.001,0.002,0.063,blues
blues.00099.0.wav,0.748,0.003,0.089,0.019,0.012,0.039,0.002,0.004,0.053,0.031,blues
classical.00000.0.wav,0.001,0.986,0.001,0.0,0.0,0.011,0.001,0.0,0.0,0.0,classical
classical.00001.0.wav,0.021,0.891,0.011,0.002,0.0,0.066,0.003,0.001,0.0,0.005,classical
classical.00002.0.wav,0.003,0.952,0.005,0.001,0.0,0.033,0.003,0.0,0.0,0.003,classical
classical.00003.0.wav,0.007,0.912,0.008,0.0,0.001,0.065,0.003,0.0,0.001,0.003,classical
classical.00004.0.wav,0.006,0.938,0.001,0.001,0.001,0.032,0.003,0.002,0.003,0.013,classical
classical.00005.0.wav,0.001,0.99,0.0,0.0,0.0,0.006,0.001,0.0,0.0,0.002,classical
classical.00006.0.wav,0.002,0.973,0.002,0.0,0.0,0.017,0.003,0.0,0.001,0.002,classical
classical.00007.0.wav,0.009,0.927,0.007,0.0,0.001,0.052,0.001,0.0,0.0,0.003,classical
classical.00008.0.wav,0.0,0.992,0.002,0.0,0.0,0.005,0.0,0.0,0.0,0.001,classical
classical.00009.0.wav,0.006,0.825,0.0,0.0,0.001,0.154,0.007,0.0,0.001,0.006,classical
classical.00010.0.wav,0.021,0.845,0.027,0.001,0.003,0.089,0.0,0.001,0.003,0.01,classical
classical.00011.0.wav,0.0,0.996,0.0,0.0,0.0,0.004,0.0,0.0,0.0,0.0,classical
classical.00012.0.wav,0.0,0.995,0.0,0.0,0.0,0.004,0.0,0.001,0.0,0.0,classical
classical.00013.0.wav,0.012,0.905,0.021,0.0,0.0,0.056,0.0,0.002,0.0,0.004,classical
classical.00014.0.wav,0.0,0.999,0.0,0.0,0.0,0.001,0.0,0.0,0.0,0.0,classical
classical.00015.0.wav,0.002,0.986,0.001,0.0,0.0,0.01,0.001,0.0,0.0,0.0,classical
classical.00016.0.wav,0.001,0.99,0.0,0.0,0.0,0.009,0.0,0.0,0.0,0.0,classical
classical.00017.0.wav,0.009,0.938,0.009,0.001,0.0,0.043,0.0,0.0,0.0,0.0,classical
classical.00018.0.wav,0.0,0.997,0.0,0.0,0.0,0.002,0.0,0.0,0.001,0.0,classical
classical.00019.0.wav,0.009,0.908,0.011,0.001,0.0,0.065,0.0,0.001,0.001,0.004,classical
classical.00020.0.wav,0.006,0.92,0.009,0.0,0.0,0.064,0.0,0.0,0.0,0.001,classical
classical.00021.0.wav,0.002,0.968,0.004,0.0,0.0,0.023,0.0,0.0,0.001,0.002,classical
classical.00022.0.wav,0.001,0.962,0.001,0.0,0.0,0.035,0.0,0.0,0.0,0.001,classical
classical.00023.0.wav,0.002,0.975,0.001,0.0,0.0,0.021,0.0,0.0,0.0,0.001,classical
classical.00024.0.wav,0.007,0.922,0.008,0.0,0.001,0.054,0.0,0.0,0.001,0.007,classical
classical.00025.0.wav,0.005,0.903,0.017,0.0,0.0,0.065,0.0,0.0,0.0,0.01,classical
classical.00026.0.wav,0.001,0.966,0.003,0.0,0.0,0.03,0.0,0.0,0.0,0.0,classical
classical.00027.0.wav,0.0,0.995,0.0,0.0,0.0,0.005,0.0,0.0,0.0,0.0,classical
classical.00028.0.wav,0.005,0.942,0.008,0.0,0.001,0.042,0.0,0.001,0.0,0.001,classical
classical.00029.0.wav,0.004,0.948,0.005,0.0,0.001,0.038,0.002,0.0,0.0,0.002,classical
classical.00030.0.wav,0.002,0.976,0.005,0.001,0.0,0.013,0.0,0.0,0.0,0.003,classical
classical.00031.0.wav,0.009,0.923,0.002,0.001,0.0,0.057,0.0,0.001,0.004,0.003,classical
classical.00032.0.wav,0.008,0.922,0.002,0.0,0.0,0.053,0.008,0.0,0.0,0.007,classical
classical.00033.0.wav,0.002,0.987,0.0,0.0,0.0,0.009,0.001,0.0,0.001,0.0,classical
classical.00034.0.wav,0.003,0.978,0.001,0.001,0.001,0.014,0.001,0.0,0.0,0.001,classical
classical.00035.0.wav,0.013,0.831,0.03,0.001,0.001,0.108,0.001,0.001,0.004,0.01,classical
classical.00036.0.wav,0.01,0.733,0.012,0.001,0.001,0.225,0.0,0.0,0.005,0.013,classical
classical.00037.0.wav,0.008,0.875,0.019,0.003,0.0,0.078,0.0,0.001,0.001,0.015,classical
classical.00038.0.wav,0.005,0.953,0.007,0.001,0.0,0.031,0.0,0.0,0.0,0.003,classical
classical.00039.0.wav,0.048,0.662,0.072,0.012,0.013,0.141,0.007,0.006,0.02,0.019,classical
classical.00040.0.wav,0.007,0.929,0.001,0.001,0.0,0.053,0.001,0.001,0.001,0.006,classical
classical.00041.0.wav,0.003,0.961,0.005,0.001,0.0,0.028,0.0,0.0,0.0,0.002,classical
classical.00042.0.wav,0.008,0.903,0.002,0.002,0.0,0.066,0.003,0.0,0.001,0.015,classical
classical.00043.0.wav,0.017,0.792,0.018,0.001,0.0,0.154,0.002,0.002,0.002,0.012,classical
classical.00044.0.wav,0.013,0.907,0.019,0.0,0.0,0.051,0.001,0.002,0.002,0.005,classical
classical.00045.0.wav,0.03,0.791,0.042,0.001,0.001,0.107,0.002,0.006,0.006,0.014,classical
classical.00046.0.wav,0.015,0.757,0.012,0.005,0.001,0.08,0.048,0.0,0.0,0.082,classical
classical.00047.0.wav,0.0,0.986,0.0,0.0,0.0,0.011,0.001,0.0,0.0,0.002,classical
classical.00048.0.wav,0.007,0.785,0.013,0.003,0.001,0.146,0.007,0.001,0.002,0.035,classical
classical.00049.0.wav,0.021,0.76,0.006,0.009,0.001,0.12,0.029,0.0,0.001,0.053,classical
classical.00050.1.wav,0.002,0.96,0.002,0.0,0.0,0.035,0.0,0.0,0.0,0.001,classical
classical.00051.1.wav,0.013,0.708,0.014,0.004,0.003,0.108,0.018,0.007,0.006,0.119,classical
classical.00052.2.wav,0.016,0.686,0.048,0.03,0.004,0.105,0.013,0.017,0.012,0.069,classical
classical.00053.2.wav,0.009,0.788,0.017,0.002,0.0,0.162,0.003,0.0,0.001,0.018,classical
classical.00054.2.wav,0.064,0.686,0.055,0.015,0.014,0.075,0.018,0.001,0.023,0.049,classical
classical.00055.2.wav,0.011,0.763,0.003,0.003,0.0,0.2,0.002,0.001,0.0,0.017,classical
classical.00056.2.wav,0.019,0.762,0.021,0.006,0.006,0.112,0.014,0.002,0.009,0.049,classical
classical.00057.2.wav,0.01,0.833,0.014,0.001,0.0,0.124,0.0,0.004,0.003,0.011,classical
classical.00058.2.wav,0.001,0.976,0.0,0.0,0.0,0.023,0.0,0.0,0.0,0.0,classical
classical.00059.2.wav,0.003,0.85,0.005,0.005,0.0,0.126,0.002,0.001,0.002,0.006,classical
classical.00060.2.wav,0.002,0.824,0.013,0.001,0.0,0.14,0.003,0.001,0.0,0.016,classical
classical.00061.2.wav,0.01,0.794,0.033,0.005,0.002,0.128,0.0,0.002,0.002,0.024,classical
classical.00062.2.wav,0.011,0.851,0.011,0.001,0.0,0.108,0.001,0.002,0.001,0.014,classical
classical.00063.2.wav,0.004,0.957,0.002,0.0,0.0,0.034,0.001,0.0,0.0,0.002,classical
classical.00064.2.wav,0.005,0.888,0.013,0.001,0.0,0.078,0.0,0.0,0.003,0.012,classical
classical.00065.2.wav,0.031,0.836,0.022,0.003,0.001,0.097,0.0,0.0,0.007,0.003,classical
classical.00066.2.wav,0.001,0.888,0.011,0.0,0.0,0.091,0.0,0.0,0.001,0.008,classical
classical.00067.2.wav,0.019,0.903,0.018,0.0,0.0,0.052,0.0,0.003,0.001,0.004,classical
classical.00068.2.wav,0.003,0.906,0.002,0.003,0.0,0.079,0.0,0.001,0.001,0.005,classical
classical.00069.2.wav,0.0,0.99,0.0,0.0,0.0,0.01,0.0,0.0,0.0,0.0,classical
classical.00070.2.wav,0.0,0.956,0.007,0.0,0.0,0.03,0.0,0.0,0.001,0.006,classical
classical.00071.2.wav,0.0,0.992,0.001,0.0,0.0,0.007,0.0,0.0,0.0,0.0,classical
classical.00072.2.wav,0.006,0.954,0.004,0.0,0.0,0.032,0.0,0.001,0.001,0.002,classical
classical.00073.2.wav,0.001,0.984,0.002,0.0,0.0,0.011,0.0,0.0,0.0,0.002,classical
classical.00074.2.wav,0.0,0.988,0.001,0.0,0.0,0.011,0.0,0.0,0.0,0.0,classical
classical.00075.2.wav,0.0,0.987,0.001,0.0,0.0,0.012,0.0,0.0,0.0,0.0,classical
classical.00076.2.wav,0.0,0.992,0.0,0.0,0.0,0.008,0.0,0.0,0.0,0.0,classical
classical.00077.2.wav,0.008,0.936,0.008,0.0,0.001,0.04,0.001,0.0,0.004,0.002,classical
classical.00078.2.wav,0.001,0.96,0.0,0.0,0.0,0.036,0.0,0.0,0.0,0.003,classical
classical.00079.2.wav,0.011,0.937,0.013,0.002,0.0,0.027,0.001,0.001,0.004,0.004,classical
classical.00080.2.wav,0.013,0.865,0.005,0.0,0.001,0.061,0.017,0.0,0.001,0.037,classical
classical.00081.2.wav,0.0,0.985,0.0,0.001,0.0,0.013,0.0,0.0,0.0,0.001,classical
classical.00082.2.wav,0.0,0.992,0.001,0.0,0.0,0.006,0.0,0.0,0.001,0.0,classical
classical.00083.2.wav,0.0,0.988,0.001,0.0,0.0,0.008,0.0,0.0,0.0,0.003,classical
classical.00084.2.wav,0.001,0.982,0.001,0.001,0.0,0.011,0.003,0.0,0.0,0.001,classical
classical.00085.2.wav,0.003,0.925,0.01,0.001,0.0,0.046,0.001,0.001,0.001,0.012,classical
classical.00086.2.wav,0.002,0.954,0.002,0.002,0.0,0.036,0.0,0.0,0.0,0.004,classical
classical.00087.2.wav,0.0,0.998,0.0,0.0,0.0,0.002,0.0,0.0,0.0,0.0,classical
classical.00088.2.wav,0.001,0.99,0.003,0.0,0.0,0.006,0.0,0.0,0.0,0.0,classical
classical.00089.2.wav,0.017,0.844,0.008,0.009,0.015,0.042,0.019,0.009,0.008,0.029,classical
classical.00090.2.wav,0.012,0.894,0.011,0.0,0.003,0.059,0.007,0.0,0.0,0.014,classical
classical.00091.2.wav,0.032,0.845,0.016,0.005,0.002,0.044,0.017,0.002,0.004,0.033,classical
classical.00092.2.wav,0.056,0.563,0.04,0.008,0.01,0.245,0.016,0.017,0.012,0.033,classical
classical.00093.2.wav,0.034,0.807,0.022,0.005,0.001,0.102,0.003,0.003,0.004,0.019,classical
classical.00094.2.wav,0.017,0.855,0.013,0.009,0.0,0.072,0.006,0.002,0.008,0.018,classical
classical.00095.2.wav,0.012,0.838,0.016,0.003,0.004,0.079,0.006,0.001,0.008,0.033,classical
classical.00096.2.wav,0.036,0.725,0.027,0.008,0.007,0.127,0.016,0.002,0.009,0.043,classical
classical.00097.2.wav,0.004,0.967,0.0,0.0,0.0,0.026,0.001,0.0,0.0,0.002,classical
classical.00098.2.wav,0.05,0.655,0.014,0.015,0.004,0.198,0.021,0.001,0.004,0.038,classical
classical.00099.2.wav,0.106,0.198,0.036,0.026,0.023,0.388,0.083,0.001,0.003,0.136,classical
country.00000.2.wav,0.009,0.006,0.762,0.047,0.008,0.029,0.018,0.062,0.013,0.046,country
country.00001.2.wav,0.008,0.002,0.746,0.044,0.009,0.056,0.015,0.021,0.003,0.096,country
country.00002.2.wav,0.023,0.004,0.729,0.038,0.012,0.084,0.005,0.018,0.024,0.063,country
country.00003.2.wav,0.004,0.0,0.7,0.088,0.039,0.008,0.01,0.067,0.042,0.042,country
country.00004.3.wav,0.058,0.022,0.391,0.088,0.021,0.157,0.042,0.064,0.039,0.118,country
country.00005.4.wav,0.012,0.001,0.735,0.094,0.015,0.017,0.012,0.06,0.022,0.032,country
country.00006.4.wav,0.007,0.003,0.755,0.053,0.019,0.021,0.029,0.02,0.017,0.076,country
country.00007.4.wav,0.016,0.005,0.782,0.048,0.007,0.046,0.012,0.013,0.009,0.062,country
country.00008.5.wav,0.044,0.03,0.289,0.078,0.038,0.111,0.092,0.079,0.02,0.219,country
country.00009.5.wav,0.015,0.009,0.382,0.185,0.022,0.06,0.032,0.068,0.029,0.198,country
country.00010.5.wav,0.072,0.006,0.261,0.068,0.078,0.072,0.009,0.078,0.254,0.102,country
country.00011.5.wav,0.068,0.008,0.233,0.09,0.067,0.089,0.009,0.145,0.207,0.084,country
country.00012.5.wav,0.011,0.002,0.8,0.046,0.01,0.032,0.002,0.021,0.038,0.038,country
country.00013.5.wav,0.008,0.005,0.245,0.228,0.028,0.048,0.026,0.197,0.072,0.143,country
country.00014.5.wav,0.01,0.008,0.712,0.047,0.003,0.065,0.01,0.02,0.02,0.105,country
country.00015.5.wav,0.045,0.088,0.199,0.024,0.008,0.301,0.023,0.007,0.022,0.283,country
country.00016.5.wav,0.022,0.038,0.748,0.009,0.003,0.104,0.004,0.003,0.014,0.055,country
country.00017.5.wav,0.015,0.024,0.721,0.024,0.001,0.053,0.008,0.016,0.007,0.131,country
country.00018.5.wav,0.106,0.034,0.627,0.023,0.01,0.066,0.002,0.02,0.066,0.046,country
country.00019.5.wav,0.029,0.0,0.812,0.016,0.011,0.004,0.0,0.006,0.086,0.036,country
country.00020.5.wav,0.033,0.002,0.864,0.004,0.011,0.011,0.0,0.001,0.054,0.02,country
country.00021.5.wav,0.174,0.028,0.589,0.004,0.01,0.129,0.0,0.003,0.033,0.03,country
country.00022.5.wav,0.047,0.013,0.819,0.01,0.01,0.034,0.003,0.004,0.03,0.03,country
country.00023.5.wav,0.087,0.003,0.76,0.008,0.006,0.028,0.0,0.005,0.064,0.039,country
country.00024.5.wav,0.027,0.004,0.891,0.01,0.006,0.011,0.001,0.005,0.027,0.018,country
country.00025.5.wav,0.046,0.008,0.864,0.003,0.005,0.031,0.001,0.001,0.018,0.023,country
country.00026.5.wav,0.026,0.0,0.855,0.012,0.012,0.005,0.002,0.006,0.064,0.018,country
country.00027.5.wav,0.081,0.031,0.572,0.04,0.013,0.12,0.005,0.009,0.033,0.096,country
country.00028.5.wav,0.04,0.014,0.824,0.002,0.004,0.068,0.001,0.001,0.008,0.038,country
country.00029.5.wav,0.041,0.048,0.734,0.004,0.001,0.128,0.003,0.005,0.02,0.016,country
country.00030.5.wav,0.026,0.021,0.719,0.013,0.009,0.092,0.002,0.017,0.06,0.041,country
country.00031.5.wav,0.04,0.06,0.327,0.028,0.011,0.259,0.017,0.036,0.07,0.152,country
country.00032.5.wav,0.036,0.002,0.755,0.03,0.012,0.039,0.004,0.019,0.073,0.03,country
country.00033.5.wav,0.007,0.002,0.748,0.098,0.004,0.032,0.007,0.044,0.024,0.034,country
country.00034.5.wav,0.012,0.002,0.69,0.077,0.039,0.008,0.005,0.033,0.108,0.026,country
country.00035.5.wav,0.051,0.002,0.344,0.064,0.105,0.02,0.015,0.038,0.249,0.112,country
country.00036.5.wav,0.012,0.02,0.765,0.02,0.009,0.086,0.011,0.009,0.023,0.045,country
country.00037.5.wav,0.031,0.008,0.511,0.16,0.021,0.04,0.015,0.038,0.089,0.087,country
country.00038.5.wav,0.004,0.002,0.69,0.112,0.008,0.033,0.018,0.032,0.018,0.083,country
country.00039.5.wav,0.015,0.011,0.379,0.239,0.04,0.028,0.039,0.067,0.062,0.12,country
country.00040.5.wav,0.002,0.002,0.819,0.06,0.012,0.018,0.003,0.03,0.019,0.035,country
country.00041.5.wav,0.005,0.001,0.787,0.032,0.014,0.028,0.013,0.034,0.026,0.06,country
country.00042.5.wav,0.007,0.006,0.769,0.061,0.009,0.01,0.008,0.014,0.018,0.098,country
country.00043.5.wav,0.01,0.009,0.734,0.068,0.019,0.021,0.005,0.036,0.061,0.037,country
country.00044.5.wav,0.021,0.001,0.214,0.153,0.113,0.021,0.007,0.108,0.32,0.042,country
country.00045.5.wav,0.011,0.005,0.752,0.081,0.028,0.009,0.004,0.026,0.05,0.034,country
country.00046.5.wav,0.061,0.014,0.76,0.022,0.022,0.031,0.011,0.005,0.042,0.032,country
country.00047.5.wav,0.068,0.01,0.677,0.037,0.016,0.043,0.003,0.036,0.073,0.037,country
country.00048.5.wav,0.024,0.006,0.878,0.013,0.015,0.011,0.0,0.008,0.026,0.019,country
country.00049.5.wav,0.03,0.005,0.794,0.023,0.022,0.014,0.003,0.004,0.048,0.057,country
country.00050.5.wav,0.172,0.026,0.536,0.026,0.009,0.13,0.005,0.003,0.034,0.059,country
country.00051.5.wav,0.097,0.014,0.813,0.003,0.003,0.031,0.001,0.0,0.011,0.027,country
country.00052.5.wav,0.064,0.005,0.823,0.017,0.012,0.027,0.002,0.0,0.017,0.033,country
country.00053.5.wav,0.084,0.004,0.704,0.045,0.007,0.011,0.05,0.002,0.013,0.08,country
country.00054.5.wav,0.114,0.026,0.375,0.07,0.011,0.142,0.031,0.005,0.031,0.195,country
country.00055.5.wav,0.052,0.02,0.719,0.019,0.004,0.059,0.018,0.0,0.013,0.096,country
country.00056.5.wav,0.102,0.008,0.698,0.026,0.009,0.058,0.009,0.01,0.034,0.046,country
country.00057.5.wav,0.063,0.004,0.807,0.024,0.004,0.006,0.006,0.003,0.012,0.071,country
country.00058.5.wav,0.068,0.003,0.799,0.01,0.021,0.004,0.009,0.002,0.054,0.03,country
country.00059.5.wav,0.183,0.01,0.513,0.022,0.03,0.067,0.016,0.017,0.057,0.085,country
country.00060.5.wav,0.171,0.031,0.506,0.016,0.012,0.066,0.019,0.004,0.064,0.111,country
country.00061.5.wav,0.141,0.007,0.505,0.123,0.015,0.022,0.014,0.006,0.049,0.118,country
country.00062.5.wav,0.051,0.004,0.74,0.042,0.029,0.009,0.004,0.01,0.077,0.034,country
country.00063.5.wav,0.099,0.006,0.779,0.007,0.008,0.039,0.002,0.005,0.038,0.017,country
country.00064.5.wav,0.097,0.01,0.814,0.001,0.001,0.054,0.0,0.001,0.011,0.011,country
country.00065.5.wav,0.217,0.02,0.545,0.01,0.011,0.09,0.005,0.0,0.051,0.051,country
country.00066.5.wav,0.145,0.025,0.598,0.01,0.013,0.119,0.007,0.001,0.045,0.037,country
country.00067.5.wav,0.111,0.009,0.787,0.002,0.007,0.028,0.002,0.0,0.047,0.007,country
country.00068.5.wav,0.097,0.02,0.773,0.002,0.006,0.071,0.002,0.002,0.011,0.016,country
country.00069.5.wav,0.089,0.002,0.799,0.013,0.013,0.016,0.005,0.001,0.026,0.036,country
country.00070.5.wav,0.07,0.001,0.894,0.002,0.003,0.006,0.001,0.0,0.009,0.014,country
country.00071.5.wav,0.079,0.005,0.852,0.006,0.011,0.011,0.001,0.002,0.014,0.019,country
country.00072.5.wav,0.042,0.0,0.851,0.008,0.01,0.005,0.006,0.004,0.016,0.058,country
country.00073.5.wav,0.085,0.004,0.809,0.008,0.002,0.011,0.001,0.001,0.043,0.036,country
country.00074.5.wav,0.085,0.005,0.696,0.054,0.031,0.021,0.008,0.007,0.026,0.067,country
country.00075.5.wav,0.191,0.001,0.522,0.056,0.093,0.007,0.009,0.007,0.049,0.065,country
country.00076.5.wav,0.047,0.009,0.892,0.005,0.0,0.014,0.001,0.002,0.019,0.011,country
country.00077.5.wav,0.128,0.024,0.626,0.018,0.017,0.071,0.005,0.002,0.045,0.064,country
country.00078.5.wav,0.057,0.007,0.882,0.0,0.004,0.02,0.002,0.0,0.02,0.008,country
country.00079.5.wav,0.074,0.001,0.862,0.007,0.005,0.01,0.001,0.001,0.028,0.011,country
country.00080.5.wav,0.092,0.0,0.189,0.271,0.134,0.002,0.049,0.005,0.12,0.138,country
country.00081.5.wav,0.121,0.001,0.144,0.223,0.214,0.003,0.067,0.013,0.068,0.146,country
country.00082.5.wav,0.047,0.001,0.826,0.024,0.024,0.001,0.002,0.0,0.046,0.029,country
country.00083.5.wav,0.028,0.001,0.911,0.003,0.012,0.001,0.004,0.001,0.018,0.021,country
country.00084.5.wav,0.069,0.003,0.819,0.012,0.033,0.006,0.005,0.003,0.025,0.025,country
country.00085.5.wav,0.054,0.0,0.875,0.01,0.032,0.003,0.003,0.002,0.006,0.015,country
country.00086.5.wav,0.185,0.002,0.51,0.044,0.018,0.033,0.008,0.003,0.16,0.037,country
country.00087.5.wav,0.042,0.0,0.891,0.006,0.011,0.003,0.004,0.0,0.03,0.013,country
country.00088.5.wav,0.057,0.0,0.882,0.006,0.003,0.009,0.001,0.002,0.027,0.013,country
country.00089.5.wav,0.13,0.006,0.558,0.028,0.041,0.013,0.012,0.007,0.147,0.058,country
country.00090.5.wav,0.141,0.002,0.666,0.013,0.027,0.014,0.004,0.004,0.081,0.048,country
country.00091.5.wav,0.07,0.004,0.729,0.031,0.013,0.006,0.047,0.006,0.012,0.082,country
country.00092.5.wav,0.214,0.013,0.47,0.042,0.05,0.021,0.037,0.003,0.053,0.097,country
country.00093.5.wav,0.097,0.002,0.844,0.007,0.005,0.011,0.001,0.002,0.017,0.014,country
country.00094.5.wav,0.203,0.005,0.482,0.033,0.05,0.013,0.019,0.011,0.065,0.119,country
country.00095.5.wav,0.072,0.004,0.826,0.013,0.015,0.005,0.0,0.003,0.02,0.042,country
country.00096.5.wav,0.166,0.006,0.425,0.081,0.057,0.015,0.007,0.018,0.089,0.136,country
country.00097.5.wav,0.101,0.003,0.79,0.013,0.008,0.017,0.005,0.005,0.032,0.026,country
country.00098.5.wav,0.2,0.004,0.409,0.086,0.058,0.025,0.014,0.023,0.056,0.125,country
country.00099.5.wav,0.042,0.002,0.066,0.505,0.143,0.014,0.026,0.079,0.068,0.055,country
disco.00000.5.wav,0.005,0.0,0.01,0.857,0.033,0.002,0.004,0.045,0.018,0.026,disco
disco.00001.5.wav,0.001,0.0,0.02,0.87,0.004,0.016,0.002,0.065,0.003,0.019,disco
disco.00002.5.wav,0.001,0.0,0.035,0.824,0.027,0.005,0.005,0.06,0.019,0.024,disco
disco.00003.5.wav,0.0,0.001,0.015,0.826,0.035,0.008,0.004,0.065,0.018,0.028,disco
disco.00004.5.wav,0.004,0.001,0.049,0.819,0.002,0.031,0.001,0.04,0.009,0.044,disco
disco.00005.5.wav,0.024,0.003,0.091,0.381,0.167,0.014,0.066,0.159,0.038,0.057,disco
disco.00006.5.wav,0.021,0.004,0.072,0.438,0.103,0.017,0.064,0.137,0.04,0.104,disco
disco.00007.5.wav,0.019,0.001,0.03,0.297,0.236,0.006,0.024,0.307,0.066,0.014,disco
disco.00008.5.wav,0.01,0.0,0.016,0.815,0.046,0.006,0.01,0.051,0.023,0.023,disco
disco.00009.5.wav,0.011,0.001,0.055,0.652,0.061,0.008,0.019,0.09,0.033,0.07,disco
disco.00010.5.wav,0.023,0.003,0.102,0.447,0.071,0.009,0.021,0.241,0.04,0.043,disco
disco.00011.5.wav,0.008,0.0,0.029,0.768,0.024,0.002,0.007,0.117,0.026,0.019,disco
disco.00012.5.wav,0.007,0.001,0.043,0.658,0.059,0.005,0.005,0.159,0.03,0.033,disco
disco.00013.5.wav,0.001,0.003,0.048,0.762,0.004,0.028,0.009,0.034,0.009,0.102,disco
disco.00014.5.wav,0.006,0.019,0.097,0.258,0.044,0.042,0.049,0.123,0.049,0.313,disco
disco.00015.6.wav,0.014,0.002,0.059,0.772,0.016,0.018,0.007,0.063,0.021,0.028,disco
disco.00016.6.wav,0.001,0.003,0.024,0.813,0.032,0.004,0.005,0.055,0.031,0.032,disco
disco.00017.6.wav,0.006,0.002,0.02,0.729,0.054,0.004,0.003,0.094,0.07,0.018,disco
disco.00018.6.wav,0.017,0.003,0.036,0.293,0.174,0.004,0.008,0.149,0.277,0.039,disco
disco.00019.6.wav,0.021,0.008,0.173,0.265,0.062,0.03,0.017,0.041,0.089,0.294,disco
disco.00020.6.wav,0.006,0.003,0.123,0.706,0.011,0.053,0.002,0.026,0.02,0.05,disco
disco.00021.6.wav,0.006,0.0,0.07,0.519,0.041,0.016,0.02,0.213,0.047,0.068,disco
disco.00022.6.wav,0.005,0.0,0.007,0.764,0.027,0.004,0.005,0.149,0.023,0.016,disco
disco.00023.6.wav,0.012,0.003,0.047,0.598,0.031,0.004,0.013,0.219,0.038,0.035,disco
disco.00024.6.wav,0.005,0.006,0.049,0.761,0.017,0.006,0.008,0.064,0.034,0.05,disco
disco.00025.6.wav,0.003,0.0,0.027,0.736,0.03,0.002,0.001,0.124,0.06,0.017,disco
disco.00026.6.wav,0.005,0.0,0.007,0.693,0.081,0.001,0.006,0.082,0.123,0.002,disco
disco.00027.6.wav,0.003,0.001,0.028,0.354,0.145,0.021,0.031,0.232,0.079,0.106,disco
disco.00028.6.wav,0.001,0.001,0.038,0.496,0.01,0.009,0.017,0.372,0.023,0.033,disco
disco.00029.6.wav,0.001,0.0,0.014,0.785,0.005,0.001,0.003,0.166,0.012,0.013,disco
disco.00030.6.wav,0.003,0.0,0.025,0.861,0.009,0.011,0.003,0.035,0.008,0.045,disco
disco.00031.6.wav,0.012,0.004,0.09,0.543,0.049,0.01,0.009,0.123,0.075,0.085,disco
disco.00032.6.wav,0.013,0.003,0.107,0.492,0.057,0.016,0.005,0.127,0.125,0.055,disco
disco.00033.6.wav,0.01,0.002,0.06,0.8,0.007,0.029,0.005,0.047,0.006,0.034,disco
disco.00034.6.wav,0.0,0.001,0.031,0.837,0.005,0.02,0.0,0.055,0.006,0.045,disco
disco.00035.6.wav,0.004,0.001,0.01,0.81,0.015,0.007,0.005,0.103,0.008,0.037,disco
disco.00036.6.wav,0.003,0.001,0.021,0.734,0.011,0.025,0.019,0.078,0.012,0.096,disco
disco.00037.6.wav,0.0,0.0,0.019,0.844,0.007,0.005,0.006,0.085,0.014,0.02,disco
disco.00038.6.wav,0.003,0.001,0.051,0.707,0.019,0.01,0.008,0.108,0.061,0.032,disco
disco.00039.6.wav,0.01,0.0,0.042,0.736,0.02,0.017,0.005,0.113,0.028,0.029,disco
disco.00040.6.wav,0.023,0.003,0.064,0.683,0.046,0.011,0.0,0.061,0.076,0.033,disco
disco.00041.6.wav,0.008,0.004,0.049,0.695,0.009,0.059,0.009,0.029,0.012,0.126,disco
disco.00042.6.wav,0.002,0.0,0.032,0.77,0.041,0.012,0.005,0.044,0.051,0.043,disco
disco.00043.6.wav,0.008,0.001,0.032,0.77,0.043,0.004,0.002,0.054,0.057,0.029,disco
disco.00044.6.wav,0.006,0.003,0.068,0.492,0.059,0.018,0.009,0.102,0.11,0.133,disco
disco.00045.6.wav,0.016,0.0,0.03,0.781,0.062,0.005,0.015,0.014,0.049,0.028,disco
disco.00046.6.wav,0.119,0.03,0.221,0.174,0.05,0.104,0.026,0.038,0.145,0.093,disco
disco.00047.6.wav,0.054,0.002,0.07,0.719,0.022,0.02,0.024,0.006,0.034,0.049,disco
disco.00048.6.wav,0.033,0.0,0.007,0.807,0.086,0.0,0.017,0.016,0.013,0.021,disco
disco.00049.6.wav,0.024,0.0,0.002,0.738,0.027,0.0,0.105,0.006,0.012,0.086,disco
disco.00050.6.wav,0.011,0.0,0.001,0.706,0.006,0.004,0.2,0.001,0.001,0.07,disco
disco.00051.6.wav,0.036,0.0,0.006,0.469,0.049,0.001,0.214,0.004,0.018,0.203,disco
disco.00052.6.wav,0.034,0.0,0.008,0.355,0.269,0.001,0.123,0.038,0.087,0.085,disco
disco.00053.6.wav,0.015,0.0,0.015,0.808,0.028,0.0,0.034,0.012,0.045,0.043,disco
disco.00054.6.wav,0.014,0.0,0.032,0.742,0.052,0.002,0.067,0.004,0.039,0.048,disco
disco.00055.6.wav,0.136,0.005,0.248,0.24,0.054,0.032,0.016,0.012,0.142,0.115,disco
disco.00056.6.wav,0.075,0.015,0.076,0.673,0.013,0.039,0.023,0.002,0.018,0.066,disco
disco.00057.6.wav,0.11,0.003,0.107,0.359,0.085,0.022,0.047,0.003,0.056,0.208,disco
disco.00058.6.wav,0.016,0.002,0.014,0.827,0.034,0.003,0.027,0.013,0.044,0.02,disco
disco.00059.6.wav,0.046,0.004,0.12,0.395,0.104,0.004,0.071,0.01,0.081,0.165,disco
disco.00060.6.wav,0.03,0.0,0.014,0.726,0.151,0.002,0.004,0.02,0.029,0.024,disco
disco.00061.6.wav,0.043,0.001,0.015,0.275,0.471,0.002,0.022,0.041,0.104,0.026,disco
disco.00062.6.wav,0.039,0.0,0.005,0.105,0.695,0.004,0.044,0.055,0.05,0.003,disco
disco.00063.6.wav,0.043,0.001,0.02,0.177,0.416,0.006,0.037,0.022,0.244,0.034,disco
disco.00064.6.wav,0.053,0.002,0.015,0.693,0.063,0.004,0.009,0.008,0.119,0.034,disco
disco.00065.6.wav,0.058,0.002,0.009,0.415,0.372,0.0,0.042,0.025,0.044,0.033,disco
disco.00066.6.wav,0.021,0.0,0.004,0.83,0.008,0.005,0.031,0.0,0.003,0.098,disco
disco.00067.6.wav,0.029,0.0,0.008,0.81,0.007,0.008,0.054,0.003,0.0,0.081,disco
disco.00068.6.wav,0.021,0.002,0.015,0.714,0.014,0.014,0.034,0.003,0.016,0.167,disco
disco.00069.6.wav,0.023,0.001,0.004,0.726,0.004,0.006,0.102,0.001,0.0,0.133,disco
disco.00070.6.wav,0.01,0.001,0.001,0.818,0.027,0.001,0.089,0.002,0.004,0.047,disco
disco.00071.6.wav,0.019,0.0,0.024,0.462,0.158,0.001,0.209,0.012,0.017,0.098,disco
disco.00072.6.wav,0.017,0.002,0.008,0.753,0.019,0.008,0.092,0.0,0.009,0.092,disco
disco.00073.6.wav,0.015,0.0,0.003,0.863,0.017,0.001,0.046,0.009,0.002,0.044,disco
disco.00074.6.wav,0.042,0.004,0.006,0.798,0.017,0.002,0.048,0.001,0.003,0.079,disco
disco.00075.6.wav,0.059,0.002,0.012,0.815,0.018,0.003,0.025,0.002,0.007,0.057,disco
disco.00076.6.wav,0.046,0.003,0.015,0.83,0.034,0.003,0.006,0.01,0.015,0.038,disco
disco.00077.6.wav,0.061,0.007,0.089,0.513,0.036,0.025,0.032,0.023,0.056,0.158,disco
disco.00078.6.wav,0.022,0.001,0.029,0.791,0.04,0.006,0.029,0.008,0.034,0.04,disco
disco.00079.6.wav,0.025,0.001,0.029,0.752,0.025,0.003,0.019,0.006,0.05,0.09,disco
disco.00080.6.wav,0.09,0.003,0.134,0.251,0.071,0.017,0.036,0.01,0.199,0.189,disco
disco.00081.6.wav,0.04,0.0,0.018,0.177,0.426,0.001,0.011,0.052,0.206,0.069,disco
disco.00082.6.wav,0.063,0.0,0.047,0.336,0.296,0.002,0.031,0.01,0.135,0.08,disco
disco.00083.6.wav,0.017,0.001,0.006,0.76,0.073,0.0,0.017,0.007,0.081,0.038,disco
disco.00084.6.wav,0.008,0.004,0.007,0.705,0.152,0.003,0.021,0.01,0.074,0.016,disco
disco.00085.6.wav,0.017,0.0,0.007,0.73,0.143,0.0,0.019,0.005,0.057,0.022,disco
disco.00086.6.wav,0.059,0.001,0.08,0.723,0.024,0.016,0.01,0.008,0.035,0.044,disco
disco.00087.6.wav,0.057,0.005,0.015,0.723,0.02,0.015,0.067,0.002,0.007,0.089,disco
disco.00088.6.wav,0.072,0.013,0.022,0.181,0.015,0.031,0.201,0.005,0.006,0.454,disco
disco.00089.6.wav,0.012,0.001,0.009,0.819,0.03,0.006,0.071,0.005,0.003,0.044,disco
disco.00090.6.wav,0.035,0.0,0.015,0.74,0.128,0.001,0.014,0.012,0.043,0.012,disco
disco.00091.6.wav,0.022,0.0,0.012,0.772,0.073,0.007,0.018,0.012,0.047,0.037,disco
disco.00092.6.wav,0.021,0.0,0.009,0.833,0.022,0.003,0.051,0.005,0.023,0.033,disco
disco.00093.6.wav,0.05,0.002,0.05,0.716,0.018,0.003,0.036,0.001,0.019,0.105,disco
disco.00094.6.wav,0.024,0.0,0.016,0.813,0.038,0.002,0.045,0.001,0.028,0.033,disco
disco.00095.6.wav,0.018,0.0,0.014,0.759,0.1,0.001,0.033,0.004,0.043,0.028,disco
disco.00096.6.wav,0.029,0.001,0.009,0.79,0.049,0.008,0.053,0.008,0.006,0.047,disco
disco.00097.6.wav,0.02,0.0,0.011,0.875,0.043,0.002,0.019,0.004,0.007,0.019,disco
disco.00098.6.wav,0.036,0.002,0.037,0.565,0.142,0.002,0.08,0.005,0.038,0.093,disco
disco.00099.6.wav,0.01,0.0,0.006,0.83,0.045,0.0,0.044,0.0,0.01,0.055,disco
hiphop.00000.6.wav,0.023,0.0,0.0,0.019,0.903,0.0,0.013,0.011,0.031,0.0,hiphop
hiphop.00001.6.wav,0.024,0.0,0.008,0.024,0.733,0.002,0.006,0.005,0.186,0.012,hiphop
hiphop.00002.6.wav,0.017,0.001,0.002,0.008,0.887,0.0,0.006,0.006,0.066,0.007,hiphop
hiphop.00003.6.wav,0.004,0.0,0.0,0.011,0.92,0.0,0.001,0.01,0.051,0.003,hiphop
hiphop.00004.6.wav,0.014,0.0,0.001,0.031,0.882,0.0,0.008,0.041,0.023,0.0,hiphop
hiphop.00005.6.wav,0.012,0.0,0.002,0.017,0.918,0.0,0.012,0.023,0.014,0.002,hiphop
hiphop.00006.6.wav,0.003,0.0,0.0,0.015,0.948,0.0,0.005,0.011,0.018,0.0,hiphop
hiphop.00007.6.wav,0.004,0.0,0.0,0.008,0.942,0.0,0.006,0.019,0.02,0.001,hiphop
hiphop.00008.6.wav,0.006,0.002,0.001,0.035,0.881,0.0,0.019,0.021,0.027,0.008,hiphop
hiphop.00009.6.wav,0.036,0.0,0.009,0.063,0.808,0.0,0.023,0.019,0.025,0.017,hiphop
hiphop.00010.6.wav,0.05,0.0,0.012,0.111,0.75,0.003,0.021,0.013,0.019,0.021,hiphop
hiphop.00011.6.wav,0.224,0.006,0.085,0.105,0.263,0.043,0.033,0.033,0.114,0.094,hiphop
hiphop.00012.6.wav,0.072,0.006,0.078,0.058,0.687,0.014,0.021,0.01,0.025,0.029,hiphop
hiphop.00013.6.wav,0.043,0.006,0.039,0.035,0.64,0.006,0.096,0.007,0.02,0.108,hiphop
hiphop.00014.6.wav,0.032,0.0,0.006,0.08,0.721,0.0,0.124,0.009,0.005,0.023,hiphop
hiphop.00015.6.wav,0.015,0.0,0.004,0.055,0.878,0.0,0.012,0.014,0.019,0.003,hiphop
hiphop.00016.6.wav,0.033,0.0,0.004,0.045,0.868,0.0,0.015,0.011,0.015,0.009,hiphop
hiphop.00017.6.wav,0.015,0.0,0.005,0.067,0.872,0.0,0.012,0.006,0.015,0.008,hiphop
hiphop.00018.6.wav,0.009,0.0,0.001,0.01,0.911,0.0,0.004,0.015,0.047,0.003,hiphop
hiphop.00019.6.wav,0.012,0.0,0.001,0.015,0.873,0.0,0.013,0.04,0.04,0.006,hiphop
hiphop.00020.6.wav,0.052,0.0,0.008,0.137,0.667,0.001,0.055,0.037,0.03,0.013,hiphop
hiphop.00021.6.wav,0.027,0.0,0.006,0.07,0.848,0.001,0.003,0.005,0.03,0.01,hiphop
hiphop.00022.6.wav,0.053,0.0,0.031,0.103,0.695,0.001,0.018,0.011,0.041,0.047,hiphop
hiphop.00023.6.wav,0.065,0.001,0.019,0.179,0.509,0.005,0.052,0.039,0.103,0.028,hiphop
hiphop.00024.6.wav,0.033,0.0,0.005,0.086,0.726,0.002,0.047,0.055,0.036,0.01,hiphop
hiphop.00025.6.wav,0.005,0.001,0.001,0.045,0.698,0.001,0.019,0.178,0.048,0.004,hiphop
hiphop.00026.6.wav,0.004,0.0,0.002,0.027,0.757,0.0,0.005,0.02,0.177,0.008,hiphop
hiphop.00027.6.wav,0.011,0.0,0.022,0.041,0.737,0.0,0.011,0.039,0.129,0.01,hiphop
hiphop.00028.6.wav,0.004,0.0,0.014,0.145,0.398,0.004,0.028,0.116,0.275,0.016,hiphop
hiphop.00029.6.wav,0.009,0.012,0.084,0.343,0.067,0.044,0.084,0.122,0.028,0.207,hiphop
hiphop.00030.6.wav,0.007,0.005,0.068,0.23,0.098,0.02,0.054,0.341,0.066,0.111,hiphop
hiphop.00031.6.wav,0.003,0.0,0.0,0.047,0.783,0.003,0.003,0.038,0.119,0.004,hiphop
hiphop.00032.7.wav,0.009,0.002,0.035,0.127,0.431,0.004,0.041,0.15,0.159,0.042,hiphop
hiphop.00033.8.wav,0.036,0.0,0.081,0.179,0.25,0.015,0.067,0.234,0.086,0.052,hiphop
hiphop.00034.8.wav,0.003,0.0,0.002,0.037,0.815,0.0,0.005,0.064,0.07,0.004,hiphop
hiphop.00035.8.wav,0.006,0.0,0.008,0.049,0.742,0.005,0.004,0.026,0.155,0.005,hiphop
hiphop.00036.8.wav,0.006,0.0,0.005,0.053,0.272,0.002,0.008,0.416,0.216,0.022,hiphop
hiphop.00037.8.wav,0.0,0.0,0.004,0.012,0.859,0.002,0.002,0.056,0.061,0.004,hiphop
hiphop.00038.8.wav,0.002,0.0,0.0,0.01,0.811,0.001,0.0,0.133,0.041,0.002,hiphop
hiphop.00039.8.wav,0.004,0.0,0.004,0.014,0.785,0.002,0.001,0.086,0.093,0.011,hiphop
hiphop.00040.8.wav,0.003,0.001,0.003,0.008,0.786,0.001,0.0,0.152,0.041,0.005,hiphop
hiphop.00041.8.wav,0.001,0.001,0.002,0.009,0.799,0.002,0.006,0.125,0.054,0.001,hiphop
hiphop.00042.8.wav,0.028,0.0,0.027,0.081,0.304,0.003,0.015,0.105,0.402,0.035,hiphop
hiphop.00043.8.wav,0.015,0.001,0.029,0.022,0.692,0.007,0.005,0.049,0.161,0.019,hiphop
hiphop.00044.8.wav,0.008,0.0,0.003,0.015,0.804,0.0,0.0,0.078,0.088,0.004,hiphop
hiphop.00045.8.wav,0.001,0.0,0.0,0.004,0.893,0.0,0.001,0.05,0.05,0.001,hiphop
hiphop.00046.8.wav,0.001,0.0,0.001,0.012,0.791,0.001,0.003,0.131,0.055,0.005,hiphop
hiphop.00047.8.wav,0.035,0.002,0.056,0.142,0.308,0.029,0.019,0.165,0.081,0.163,hiphop
hiphop.00048.8.wav,0.011,0.0,0.017,0.058,0.484,0.003,0.019,0.277,0.118,0.013,hiphop
hiphop.00049.8.wav,0.032,0.0,0.019,0.027,0.624,0.002,0.008,0.09,0.181,0.017,hiphop
hiphop.00050.8.wav,0.013,0.001,0.013,0.037,0.68,0.001,0.009,0.081,0.153,0.012,hiphop
hiphop.00051.8.wav,0.001,0.0,0.015,0.081,0.682,0.006,0.005,0.115,0.059,0.036,hiphop
hiphop.00052.8.wav,0.002,0.0,0.007,0.043,0.68,0.004,0.004,0.061,0.191,0.008,hiphop
hiphop.00053.8.wav,0.01,0.002,0.017,0.156,0.286,0.015,0.008,0.203,0.27,0.033,hiphop
hiphop.00054.8.wav,0.025,0.002,0.06,0.046,0.7,0.006,0.003,0.051,0.063,0.044,hiphop
hiphop.00055.8.wav,0.013,0.0,0.034,0.035,0.775,0.004,0.016,0.017,0.092,0.014,hiphop
hiphop.00056.8.wav,0.112,0.002,0.127,0.091,0.242,0.055,0.021,0.118,0.143,0.089,hiphop
hiphop.00057.8.wav,0.007,0.0,0.012,0.037,0.799,0.0,0.007,0.01,0.112,0.016,hiphop
hiphop.00058.8.wav,0.007,0.001,0.012,0.027,0.77,0.001,0.014,0.019,0.137,0.012,hiphop
hiphop.00059.8.wav,0.038,0.0,0.018,0.01,0.73,0.002,0.013,0.002,0.168,0.019,hiphop
hiphop.00060.8.wav,0.04,0.001,0.041,0.018,0.744,0.005,0.005,0.013,0.123,0.01,hiphop
hiphop.00061.8.wav,0.002,0.0,0.001,0.003,0.832,0.0,0.001,0.06,0.099,0.002,hiphop
hiphop.00062.8.wav,0.006,0.0,0.004,0.035,0.626,0.002,0.004,0.128,0.182,0.013,hiphop
hiphop.00063.8.wav,0.005,0.0,0.006,0.007,0.874,0.003,0.002,0.043,0.059,0.001,hiphop
hiphop.00064.8.wav,0.01,0.0,0.005,0.017,0.69,0.001,0.004,0.045,0.213,0.015,hiphop
hiphop.00065.8.wav,0.041,0.0,0.027,0.056,0.576,0.003,0.009,0.089,0.187,0.012,hiphop
hiphop.00066.8.wav,0.0,0.0,0.0,0.004,0.829,0.0,0.001,0.131,0.034,0.001,hiphop
hiphop.00067.8.wav,0.004,0.0,0.014,0.026,0.841,0.001,0.012,0.055,0.037,0.01,hiphop
hiphop.00068.8.wav,0.004,0.0,0.001,0.024,0.559,0.004,0.017,0.296,0.087,0.008,hiphop
hiphop.00069.8.wav,0.006,0.0,0.017,0.041,0.754,0.005,0.006,0.094,0.056,0.021,hiphop
hiphop.00070.8.wav,0.003,0.0,0.007,0.037,0.759,0.003,0.01,0.132,0.035,0.014,hiphop
hiphop.00071.8.wav,0.012,0.0,0.012,0.011,0.802,0.002,0.006,0.05,0.097,0.008,hiphop
hiphop.00072.8.wav,0.002,0.0,0.005,0.01,0.871,0.0,0.001,0.049,0.057,0.005,hiphop
hiphop.00073.8.wav,0.014,0.0,0.003,0.021,0.882,0.002,0.009,0.028,0.034,0.007,hiphop
hiphop.00074.8.wav,0.002,0.0,0.001,0.002,0.833,0.0,0.005,0.093,0.063,0.001,hiphop
hiphop.00075.8.wav,0.0,0.0,0.001,0.007,0.851,0.0,0.0,0.08,0.06,0.001,hiphop
hiphop.00076.8.wav,0.0,0.0,0.0,0.009,0.794,0.0,0.0,0.166,0.03,0.001,hiphop
hiphop.00077.8.wav,0.0,0.0,0.001,0.01,0.684,0.001,0.0,0.212,0.09,0.002,hiphop
hiphop.00078.8.wav,0.002,0.0,0.003,0.026,0.478,0.0,0.002,0.356,0.126,0.007,hiphop
hiphop.00079.8.wav,0.009,0.0,0.03,0.183,0.152,0.008,0.015,0.269,0.301,0.033,hiphop
hiphop.00080.8.wav,0.029,0.001,0.022,0.024,0.707,0.003,0.007,0.005,0.194,0.008,hiphop
hiphop.00081.8.wav,0.018,0.002,0.013,0.053,0.812,0.004,0.037,0.003,0.028,0.03,hiphop
hiphop.00082.8.wav,0.039,0.003,0.027,0.172,0.592,0.004,0.039,0.011,0.072,0.041,hiphop
hiphop.00083.8.wav,0.013,0.001,0.011,0.057,0.746,0.004,0.006,0.009,0.122,0.031,hiphop
hiphop.00084.8.wav,0.009,0.0,0.011,0.085,0.83,0.0,0.016,0.001,0.037,0.011,hiphop
hiphop.00085.8.wav,0.048,0.003,0.04,0.108,0.419,0.011,0.028,0.012,0.289,0.042,hiphop
hiphop.00086.8.wav,0.019,0.002,0.013,0.044,0.768,0.004,0.071,0.012,0.048,0.019,hiphop
hiphop.00087.8.wav,0.018,0.0,0.005,0.114,0.808,0.0,0.031,0.002,0.01,0.012,hiphop
hiphop.00088.8.wav,0.037,0.0,0.009,0.077,0.718,0.004,0.105,0.006,0.014,0.03,hiphop
hiphop.00089.8.wav,0.04,0.003,0.017,0.087,0.722,0.008,0.064,0.004,0.017,0.038,hiphop
hiphop.00090.8.wav,0.018,0.001,0.007,0.049,0.836,0.001,0.06,0.0,0.012,0.016,hiphop
hiphop.00091.8.wav,0.034,0.001,0.022,0.036,0.821,0.0,0.019,0.005,0.046,0.016,hiphop
hiphop.00092.8.wav,0.029,0.004,0.007,0.071,0.736,0.006,0.061,0.008,0.047,0.031,hiphop
hiphop.00093.8.wav,0.067,0.003,0.052,0.085,0.467,0.013,0.037,0.01,0.229,0.037,hiphop
hiphop.00094.8.wav,0.008,0.001,0.005,0.051,0.703,0.001,0.189,0.003,0.007,0.032,hiphop
hiphop.00095.8.wav,0.061,0.004,0.041,0.035,0.709,0.013,0.043,0.001,0.047,0.046,hiphop
hiphop.00096.8.wav,0.055,0.0,0.017,0.075,0.756,0.005,0.049,0.0,0.02,0.023,hiphop
hiphop.00097.8.wav,0.06,0.0,0.008,0.091,0.548,0.006,0.221,0.001,0.026,0.039,hiphop
hiphop.00098.8.wav,0.024,0.0,0.006,0.049,0.801,0.0,0.008,0.012,0.084,0.016,hiphop
hiphop.00099.8.wav,0.096,0.038,0.198,0.151,0.042,0.056,0.004,0.063,0.242,0.11,hiphop
jazz.00000.8.wav,0.009,0.266,0.018,0.0,0.002,0.673,0.001,0.003,0.002,0.026,jazz
jazz.00001.8.wav,0.028,0.179,0.045,0.004,0.001,0.72,0.003,0.0,0.002,0.018,jazz
jazz.00002.8.wav,0.018,0.194,0.022,0.005,0.002,0.727,0.0,0.001,0.003,0.028,jazz
jazz.00003.8.wav,0.01,0.176,0.01,0.0,0.002,0.792,0.001,0.001,0.0,0.008,jazz
jazz.00004.8.wav,0.089,0.029,0.031,0.005,0.004,0.815,0.003,0.006,0.012,0.006,jazz
jazz.00005.8.wav,0.204,0.005,0.067,0.0,0.001,0.681,0.0,0.004,0.031,0.007,jazz
jazz.00006.8.wav,0.101,0.038,0.029,0.002,0.001,0.808,0.0,0.002,0.013,0.006,jazz
jazz.00007.8.wav,0.266,0.067,0.29,0.011,0.005,0.264,0.007,0.005,0.04,0.045,jazz
jazz.00008.8.wav,0.016,0.124,0.014,0.0,0.001,0.835,0.002,0.001,0.001,0.006,jazz
jazz.00009.8.wav,0.072,0.049,0.051,0.003,0.006,0.783,0.003,0.002,0.009,0.022,jazz
jazz.00010.8.wav,0.018,0.02,0.015,0.008,0.003,0.896,0.004,0.0,0.001,0.035,jazz
jazz.00011.8.wav,0.014,0.054,0.015,0.006,0.001,0.819,0.01,0.001,0.008,0.072,jazz
jazz.00012.8.wav,0.029,0.057,0.021,0.014,0.002,0.829,0.02,0.0,0.002,0.026,jazz
jazz.00013.8.wav,0.03,0.524,0.028,0.003,0.0,0.386,0.001,0.001,0.01,0.017,jazz
jazz.00014.8.wav,0.062,0.117,0.063,0.023,0.005,0.633,0.013,0.001,0.014,0.069,jazz
jazz.00015.8.wav,0.018,0.079,0.01,0.005,0.002,0.857,0.003,0.002,0.001,0.023,jazz
jazz.00016.8.wav,0.036,0.048,0.055,0.016,0.003,0.702,0.014,0.004,0.006,0.116,jazz
jazz.00017.8.wav,0.026,0.103,0.007,0.004,0.001,0.81,0.025,0.0,0.001,0.023,jazz
jazz.00018.8.wav,0.014,0.515,0.002,0.003,0.001,0.428,0.01,0.002,0.002,0.023,jazz
jazz.00019.8.wav,0.023,0.166,0.002,0.001,0.001,0.789,0.001,0.002,0.002,0.013,jazz
jazz.00020.8.wav,0.025,0.022,0.007,0.025,0.011,0.782,0.044,0.002,0.003,0.079,jazz
jazz.00021.8.wav,0.033,0.183,0.024,0.013,0.002,0.682,0.009,0.002,0.006,0.046,jazz
jazz.00022.8.wav,0.076,0.1,0.035,0.019,0.011,0.665,0.034,0.001,0.003,0.056,jazz
jazz.00023.8.wav,0.031,0.024,0.024,0.026,0.008,0.803,0.017,0.003,0.012,0.052,jazz
jazz.00024.8.wav,0.038,0.019,0.024,0.005,0.001,0.882,0.005,0.005,0.008,0.013,jazz
jazz.00025.8.wav,0.086,0.302,0.058,0.01,0.005,0.47,0.005,0.01,0.011,0.043,jazz
jazz.00026.8.wav,0.03,0.129,0.013,0.007,0.0,0.767,0.011,0.001,0.004,0.038,jazz
jazz.00027.8.wav,0.047,0.09,0.02,0.012,0.001,0.766,0.009,0.006,0.007,0.042,jazz
jazz.00028.8.wav,0.066,0.105,0.009,0.009,0.0,0.673,0.038,0.0,0.002,0.098,jazz
jazz.00029.8.wav,0.014,0.13,0.009,0.005,0.0,0.803,0.01,0.0,0.005,0.024,jazz
jazz.00030.8.wav,0.017,0.1,0.004,0.002,0.0,0.856,0.005,0.0,0.001,0.015,jazz
jazz.00031.8.wav,0.024,0.065,0.02,0.003,0.001,0.852,0.003,0.002,0.008,0.022,jazz
jazz.00032.8.wav,0.057,0.05,0.018,0.002,0.004,0.845,0.001,0.001,0.007,0.015,jazz
jazz.00033.8.wav,0.192,0.093,0.079,0.023,0.023,0.436,0.029,0.008,0.037,0.08,jazz
jazz.00034.8.wav,0.072,0.207,0.029,0.001,0.003,0.614,0.026,0.0,0.001,0.047,jazz
jazz.00035.8.wav,0.063,0.22,0.037,0.005,0.003,0.611,0.013,0.001,0.011,0.036,jazz
jazz.00036.8.wav,0.034,0.018,0.029,0.005,0.003,0.89,0.002,0.001,0.005,0.013,jazz
jazz.00037.8.wav,0.035,0.058,0.022,0.002,0.003,0.815,0.021,0.002,0.001,0.041,jazz
jazz.00038.8.wav,0.077,0.018,0.03,0.001,0.005,0.829,0.002,0.003,0.021,0.014,jazz
jazz.00039.8.wav,0.266,0.037,0.113,0.007,0.007,0.486,0.001,0.006,0.057,0.02,jazz
jazz.00040.8.wav,0.087,0.059,0.045,0.009,0.005,0.744,0.009,0.003,0.018,0.021,jazz
jazz.00041.8.wav,0.352,0.035,0.082,0.003,0.017,0.443,0.005,0.003,0.034,0.026,jazz
jazz.00042.8.wav,0.166,0.078,0.143,0.02,0.031,0.468,0.016,0.02,0.022,0.036,jazz
jazz.00043.8.wav,0.131,0.078,0.1,0.012,0.009,0.596,0.006,0.014,0.03,0.024,jazz
jazz.00044.8.wav,0.013,0.073,0.005,0.0,0.0,0.9,0.001,0.0,0.001,0.007,jazz
jazz.00045.8.wav,0.089,0.094,0.067,0.006,0.007,0.676,0.011,0.003,0.028,0.019,jazz
jazz.00046.8.wav,0.026,0.016,0.016,0.007,0.0,0.879,0.016,0.003,0.006,0.031,jazz
jazz.00047.8.wav,0.025,0.086,0.01,0.005,0.002,0.828,0.012,0.0,0.001,0.031,jazz
jazz.00048.8.wav,0.173,0.016,0.173,0.079,0.077,0.165,0.017,0.108,0.118,0.074,jazz
jazz.00049.8.wav,0.022,0.004,0.054,0.06,0.004,0.754,0.011,0.018,0.015,0.058,jazz
jazz.00050.8.wav,0.033,0.033,0.037,0.006,0.006,0.831,0.002,0.004,0.009,0.039,jazz
jazz.00051.8.wav,0.06,0.021,0.088,0.057,0.026,0.477,0.018,0.04,0.041,0.172,jazz
jazz.00052.8.wav,0.038,0.01,0.032,0.02,0.014,0.809,0.009,0.008,0.01,0.05,jazz
jazz.00053.8.wav,0.007,0.064,0.034,0.009,0.003,0.826,0.005,0.004,0.01,0.038,jazz
jazz.00054.8.wav,0.032,0.178,0.053,0.001,0.001,0.679,0.007,0.0,0.004,0.045,jazz
jazz.00055.8.wav,0.017,0.021,0.044,0.021,0.006,0.797,0.021,0.007,0.004,0.062,jazz
jazz.00056.8.wav,0.01,0.082,0.01,0.003,0.003,0.857,0.002,0.012,0.007,0.014,jazz
jazz.00057.8.wav,0.014,0.178,0.018,0.001,0.0,0.774,0.002,0.0,0.003,0.01,jazz
jazz.00058.8.wav,0.145,0.046,0.106,0.032,0.021,0.414,0.002,0.028,0.068,0.138,jazz
jazz.00059.8.wav,0.034,0.025,0.014,0.005,0.001,0.867,0.001,0.006,0.011,0.036,jazz
jazz.00060.8.wav,0.019,0.006,0.038,0.016,0.003,0.791,0.014,0.008,0.007,0.098,jazz
jazz.00061.8.wav,0.015,0.026,0.015,0.005,0.004,0.832,0.01,0.001,0.003,0.089,jazz
jazz.00062.8.wav,0.016,0.027,0.021,0.024,0.003,0.821,0.004,0.006,0.005,0.073,jazz
jazz.00063.8.wav,0.024,0.087,0.012,0.015,0.004,0.716,0.046,0.005,0.004,0.087,jazz
jazz.00064.8.wav,0.07,0.018,0.037,0.003,0.004,0.83,0.004,0.007,0.017,0.01,jazz
jazz.00065.8.wav,0.026,0.112,0.041,0.002,0.001,0.792,0.001,0.009,0.009,0.007,jazz
jazz.00066.8.wav,0.07,0.023,0.052,0.004,0.004,0.809,0.0,0.014,0.014,0.01,jazz
jazz.00067.8.wav,0.074,0.024,0.044,0.008,0.009,0.785,0.005,0.005,0.017,0.029,jazz
jazz.00068.8.wav,0.028,0.038,0.083,0.015,0.015,0.747,0.002,0.023,0.034,0.015,jazz
jazz.00069.8.wav,0.022,0.044,0.016,0.002,0.002,0.882,0.001,0.003,0.011,0.017,jazz
jazz.00070.8.wav,0.016,0.205,0.018,0.001,0.0,0.74,0.002,0.0,0.001,0.017,jazz
jazz.00071.8.wav,0.035,0.073,0.036,0.003,0.003,0.82,0.005,0.002,0.007,0.016,jazz
jazz.00072.8.wav,0.023,0.036,0.094,0.077,0.012,0.515,0.005,0.029,0.03,0.179,jazz
jazz.00073.8.wav,0.016,0.017,0.041,0.035,0.011,0.768,0.001,0.023,0.032,0.056,jazz
jazz.00074.8.wav,0.012,0.014,0.017,0.044,0.001,0.809,0.008,0.013,0.004,0.078,jazz
jazz.00075.8.wav,0.021,0.058,0.02,0.012,0.002,0.822,0.004,0.004,0.016,0.041,jazz
jazz.00076.8.wav,0.021,0.064,0.049,0.046,0.004,0.591,0.016,0.023,0.01,0.176,jazz
jazz.00077.8.wav,0.03,0.014,0.094,0.072,0.006,0.696,0.007,0.026,0.026,0.029,jazz
jazz.00078.8.wav,0.023,0.041,0.133,0.039,0.005,0.604,0.008,0.04,0.027,0.08,jazz
jazz.00079.8.wav,0.013,0.05,0.024,0.025,0.001,0.8,0.012,0.007,0.005,0.063,jazz
jazz.00080.8.wav,0.005,0.014,0.026,0.032,0.011,0.815,0.015,0.021,0.008,0.053,jazz
jazz.00081.8.wav,0.001,0.018,0.026,0.028,0.005,0.813,0.01,0.011,0.01,0.078,jazz
jazz.00082.8.wav,0.006,0.027,0.029,0.025,0.005,0.767,0.008,0.006,0.005,0.122,jazz
jazz.00083.8.wav,0.004,0.013,0.02,0.021,0.005,0.866,0.009,0.005,0.005,0.052,jazz
jazz.00084.8.wav,0.009,0.021,0.055,0.038,0.002,0.768,0.02,0.017,0.01,0.06,jazz
jazz.00085.8.wav,0.007,0.032,0.028,0.02,0.003,0.828,0.006,0.018,0.008,0.05,jazz
jazz.00086.8.wav,0.017,0.025,0.073,0.018,0.027,0.705,0.005,0.026,0.058,0.046,jazz
jazz.00087.8.wav,0.012,0.016,0.058,0.029,0.005,0.777,0.0,0.053,0.015,0.035,jazz
jazz.00088.8.wav,0.041,0.125,0.018,0.011,0.006,0.71,0.004,0.026,0.021,0.038,jazz
jazz.00089.8.wav,0.023,0.218,0.05,0.012,0.001,0.578,0.014,0.011,0.006,0.087,jazz
jazz.00090.8.wav,0.003,0.089,0.048,0.008,0.01,0.773,0.005,0.013,0.022,0.029,jazz
jazz.00091.8.wav,0.02,0.091,0.167,0.048,0.016,0.423,0.013,0.057,0.063,0.102,jazz
jazz.00092.8.wav,0.002,0.071,0.013,0.008,0.0,0.873,0.001,0.007,0.001,0.024,jazz
jazz.00093.8.wav,0.064,0.387,0.131,0.007,0.001,0.342,0.002,0.013,0.013,0.04,jazz
jazz.00094.8.wav,0.066,0.064,0.092,0.019,0.005,0.655,0.009,0.008,0.009,0.073,jazz
jazz.00095.8.wav,0.04,0.089,0.055,0.02,0.008,0.612,0.025,0.011,0.033,0.107,jazz
jazz.00096.8.wav,0.04,0.125,0.033,0.003,0.003,0.768,0.0,0.004,0.009,0.015,jazz
jazz.00097.8.wav,0.048,0.075,0.04,0.013,0.005,0.696,0.021,0.006,0.009,0.087,jazz
jazz.00098.8.wav,0.01,0.054,0.02,0.002,0.001,0.89,0.001,0.003,0.002,0.017,jazz
jazz.00099.8.wav,0.041,0.014,0.14,0.135,0.041,0.06,0.228,0.048,0.025,0.268,jazz
metal.00000.8.wav,0.018,0.005,0.017,0.042,0.007,0.015,0.827,0.005,0.005,0.059,metal
metal.00001.8.wav,0.017,0.0,0.004,0.027,0.012,0.003,0.886,0.0,0.001,0.05,metal
metal.00002.8.wav,0.089,0.003,0.003,0.017,0.015,0.004,0.831,0.0,0.002,0.036,metal
metal.00003.8.wav,0.024,0.012,0.061,0.14,0.082,0.024,0.497,0.02,0.039,0.101,metal
metal.00004.8.wav,0.038,0.001,0.008,0.017,0.003,0.002,0.887,0.001,0.001,0.042,metal
metal.00005.8.wav,0.029,0.01,0.015,0.061,0.023,0.031,0.755,0.004,0.005,0.067,metal
metal.00006.8.wav,0.005,0.011,0.005,0.014,0.003,0.067,0.846,0.0,0.005,0.044,metal
metal.00007.8.wav,0.004,0.004,0.063,0.082,0.047,0.019,0.669,0.029,0.037,0.046,metal
metal.00008.8.wav,0.023,0.0,0.003,0.02,0.008,0.003,0.901,0.002,0.0,0.04,metal
metal.00009.8.wav,0.009,0.0,0.0,0.012,0.003,0.0,0.968,0.0,0.0,0.008,metal
metal.00010.8.wav,0.028,0.004,0.002,0.003,0.0,0.001,0.912,0.0,0.001,0.049,metal
metal.00011.8.wav,0.002,0.007,0.0,0.005,0.0,0.003,0.972,0.0,0.0,0.011,metal
metal.00012.8.wav,0.008,0.004,0.0,0.003,0.002,0.001,0.972,0.0,0.0,0.01,metal
metal.00013.8.wav,0.019,0.017,0.003,0.013,0.002,0.012,0.89,0.0,0.002,0.042,metal
metal.00014.8.wav,0.014,0.0,0.0,0.013,0.003,0.0,0.947,0.0,0.0,0.023,metal
metal.00015.8.wav,0.017,0.0,0.002,0.019,0.011,0.001,0.934,0.003,0.002,0.011,metal
metal.00016.8.wav,0.004,0.0,0.0,0.005,0.005,0.0,0.98,0.0,0.0,0.006,metal
metal.00017.8.wav,0.024,0.043,0.008,0.007,0.022,0.013,0.818,0.001,0.003,0.061,metal
metal.00018.8.wav,0.01,0.002,0.001,0.033,0.006,0.004,0.864,0.0,0.003,0.077,metal
metal.00019.8.wav,0.01,0.0,0.0,0.004,0.001,0.0,0.963,0.0,0.0,0.022,metal
metal.00020.8.wav,0.055,0.0,0.003,0.028,0.016,0.006,0.844,0.0,0.001,0.047,metal
metal.00021.8.wav,0.056,0.008,0.01,0.024,0.015,0.01,0.805,0.0,0.001,0.071,metal
metal.00022.8.wav,0.037,0.002,0.002,0.03,0.009,0.003,0.835,0.001,0.005,0.076,metal
metal.00023.8.wav,0.024,0.001,0.001,0.017,0.01,0.005,0.928,0.0,0.001,0.013,metal
metal.00024.8.wav,0.021,0.001,0.01,0.027,0.012,0.003,0.866,0.001,0.005,0.054,metal
metal.00025.8.wav,0.064,0.014,0.001,0.009,0.01,0.006,0.847,0.001,0.002,0.046,metal
metal.00026.8.wav,0.015,0.007,0.0,0.0,0.0,0.003,0.956,0.0,0.0,0.019,metal
metal.00027.8.wav,0.01,0.001,0.0,0.003,0.002,0.0,0.939,0.0,0.0,0.045,metal
metal.00028.8.wav,0.011,0.0,0.002,0.044,0.015,0.002,0.881,0.001,0.006,0.038,metal
metal.00029.8.wav,0.034,0.012,0.008,0.015,0.009,0.018,0.783,0.0,0.003,0.118,metal
metal.00030.8.wav,0.034,0.0,0.005,0.017,0.003,0.001,0.904,0.002,0.002,0.032,metal
metal.00031.8.wav,0.023,0.0,0.002,0.025,0.005,0.0,0.902,0.001,0.0,0.042,metal
metal.00032.8.wav,0.042,0.014,0.008,0.011,0.025,0.024,0.778,0.0,0.006,0.092,metal
metal.00033.8.wav,0.02,0.002,0.019,0.061,0.048,0.003,0.785,0.003,0.01,0.049,metal
metal.00034.8.wav,0.047,0.0,0.007,0.062,0.032,0.002,0.784,0.002,0.0,0.064,metal
metal.00035.8.wav,0.011,0.0,0.0,0.004,0.002,0.003,0.965,0.0,0.0,0.015,metal
metal.00036.8.wav,0.068,0.008,0.007,0.034,0.004,0.02,0.732,0.0,0.0,0.127,metal
metal.00037.8.wav,0.054,0.001,0.013,0.081,0.037,0.008,0.744,0.005,0.01,0.047,metal
metal.00038.8.wav,0.074,0.01,0.012,0.028,0.007,0.017,0.741,0.001,0.004,0.106,metal
metal.00039.8.wav,0.009,0.002,0.004,0.019,0.004,0.004,0.908,0.0,0.0,0.05,metal
metal.00040.8.wav,0.008,0.001,0.002,0.01,0.001,0.0,0.96,0.0,0.0,0.018,metal
metal.00041.8.wav,0.013,0.0,0.002,0.005,0.004,0.002,0.915,0.001,0.0,0.058,metal
metal.00042.8.wav,0.008,0.0,0.006,0.04,0.018,0.0,0.894,0.0,0.01,0.024,metal
metal.00043.8.wav,0.011,0.001,0.007,0.014,0.014,0.002,0.906,0.001,0.002,0.042,metal
metal.00044.8.wav,0.026,0.001,0.007,0.065,0.021,0.001,0.807,0.001,0.013,0.058,metal
metal.00045.8.wav,0.008,0.001,0.0,0.004,0.001,0.001,0.971,0.0,0.0,0.014,metal
metal.00046.8.wav,0.036,0.005,0.002,0.008,0.002,0.005,0.928,0.001,0.001,0.012,metal
metal.00047.8.wav,0.005,0.002,0.0,0.001,0.0,0.003,0.985,0.0,0.0,0.004,metal
metal.00048.8.wav,0.003,0.001,0.0,0.003,0.0,0.001,0.986,0.0,0.0,0.006,metal
metal.00049.8.wav,0.022,0.001,0.0,0.005,0.007,0.003,0.954,0.0,0.001,0.007,metal
metal.00050.8.wav,0.009,0.0,0.004,0.022,0.018,0.0,0.937,0.001,0.001,0.008,metal
metal.00051.8.wav,0.019,0.0,0.002,0.022,0.041,0.0,0.9,0.002,0.004,0.01,metal
metal.00052.8.wav,0.038,0.0,0.005,0.033,0.034,0.003,0.857,0.002,0.006,0.022,metal
metal.00053.8.wav,0.001,0.0,0.0,0.002,0.001,0.0,0.993,0.0,0.001,0.002,metal
metal.00054.8.wav,0.006,0.0,0.0,0.01,0.0,0.0,0.983,0.0,0.0,0.001,metal
metal.00055.8.wav,0.019,0.002,0.003,0.007,0.008,0.0,0.934,0.001,0.002,0.024,metal
metal.00056.8.wav,0.013,0.0,0.002,0.019,0.014,0.001,0.918,0.002,0.001,0.03,metal
metal.00057.8.wav,0.018,0.0,0.002,0.003,0.002,0.001,0.935,0.0,0.0,0.039,metal
metal.00058.8.wav,0.027,0.009,0.001,0.003,0.001,0.009,0.909,0.0,0.0,0.041,metal
metal.00059.8.wav,0.016,0.003,0.0,0.001,0.001,0.001,0.936,0.0,0.0,0.042,metal
metal.00060.8.wav,0.002,0.0,0.0,0.008,0.002,0.001,0.977,0.0,0.0,0.01,metal
metal.00061.8.wav,0.008,0.001,0.002,0.01,0.001,0.0,0.96,0.0,0.0,0.018,metal
metal.00062.8.wav,0.013,0.0,0.002,0.005,0.004,0.002,0.915,0.001,0.0,0.058,metal
metal.00063.8.wav,0.008,0.0,0.006,0.04,0.018,0.0,0.894,0.0,0.01,0.024,metal
metal.00064.8.wav,0.011,0.001,0.007,0.014,0.014,0.002,0.906,0.001,0.002,0.042,metal
metal.00065.8.wav,0.026,0.001,0.007,0.065,0.021,0.001,0.807,0.001,0.013,0.058,metal
metal.00066.8.wav,0.032,0.001,0.012,0.044,0.024,0.003,0.838,0.0,0.006,0.04,metal
metal.00067.8.wav,0.024,0.0,0.006,0.031,0.033,0.001,0.852,0.0,0.005,0.048,metal
metal.00068.8.wav,0.068,0.015,0.011,0.021,0.012,0.027,0.779,0.0,0.007,0.06,metal
metal.00069.8.wav,0.023,0.002,0.023,0.128,0.031,0.013,0.688,0.006,0.038,0.048,metal
metal.00070.8.wav,0.017,0.001,0.002,0.075,0.041,0.0,0.822,0.0,0.001,0.041,metal
metal.00071.8.wav,0.025,0.001,0.001,0.002,0.002,0.002,0.93,0.001,0.0,0.036,metal
metal.00072.8.wav,0.04,0.001,0.017,0.062,0.024,0.001,0.783,0.003,0.008,0.061,metal
metal.00073.8.wav,0.019,0.001,0.005,0.04,0.043,0.005,0.823,0.001,0.005,0.058,metal
metal.00074.8.wav,0.022,0.001,0.017,0.055,0.038,0.003,0.799,0.002,0.016,0.047,metal
metal.00075.8.wav,0.008,0.0,0.001,0.009,0.001,0.0,0.92,0.0,0.001,0.06,metal
metal.00076.8.wav,0.018,0.002,0.0,0.002,0.0,0.0,0.963,0.0,0.0,0.015,metal
metal.00077.8.wav,0.026,0.0,0.016,0.099,0.071,0.001,0.713,0.018,0.01,0.046,metal
metal.00078.8.wav,0.07,0.001,0.022,0.089,0.099,0.003,0.638,0.002,0.005,0.071,metal
metal.00079.8.wav,0.121,0.002,0.011,0.151,0.117,0.011,0.482,0.004,0.013,0.088,metal
metal.00080.8.wav,0.02,0.009,0.003,0.023,0.007,0.015,0.817,0.003,0.001,0.102,metal
metal.00081.8.wav,0.014,0.001,0.002,0.005,0.002,0.003,0.945,0.0,0.001,0.027,metal
metal.00082.8.wav,0.016,0.002,0.003,0.009,0.005,0.01,0.858,0.003,0.001,0.093,metal
metal.00083.8.wav,0.028,0.0,0.01,0.061,0.094,0.001,0.758,0.006,0.009,0.033,metal
metal.00084.8.wav,0.05,0.002,0.006,0.066,0.03,0.007,0.751,0.002,0.004,0.082,metal
metal.00085.8.wav,0.006,0.0,0.004,0.04,0.019,0.0,0.874,0.0,0.003,0.054,metal
metal.00086.8.wav,0.027,0.001,0.004,0.017,0.045,0.0,0.884,0.008,0.003,0.011,metal
metal.00087.8.wav,0.057,0.0,0.016,0.069,0.121,0.001,0.654,0.004,0.059,0.019,metal
metal.00088.8.wav,0.146,0.049,0.038,0.024,0.061,0.093,0.3,0.017,0.044,0.228,metal
metal.00089.8.wav,0.222,0.015,0.019,0.032,0.03,0.046,0.4,0.0,0.012,0.224,metal
metal.00090.8.wav,0.119,0.01,0.007,0.026,0.01,0.02,0.676,0.001,0.001,0.13,metal
metal.00091.8.wav,0.116,0.005,0.04,0.021,0.007,0.027,0.674,0.001,0.004,0.105,metal
metal.00092.8.wav,0.04,0.005,0.002,0.009,0.002,0.003,0.877,0.0,0.0,0.062,metal
metal.00093.8.wav,0.025,0.002,0.007,0.065,0.035,0.005,0.78,0.002,0.008,0.071,metal
metal.00094.8.wav,0.049,0.004,0.007,0.135,0.027,0.01,0.6,0.005,0.005,0.158,metal
metal.00095.8.wav,0.023,0.0,0.001,0.048,0.035,0.0,0.858,0.005,0.006,0.024,metal
metal.00096.8.wav,0.063,0.0,0.023,0.095,0.042,0.01,0.501,0.015,0.017,0.234,metal
metal.00097.8.wav,0.013,0.002,0.001,0.024,0.017,0.005,0.887,0.002,0.004,0.045,metal
metal.00098.8.wav,0.028,0.0,0.004,0.061,0.163,0.0,0.691,0.008,0.031,0.014,metal
metal.00099.8.wav,0.004,0.001,0.007,0.026,0.044,0.002,0.641,0.227,0.046,0.002,metal
pop.00000.8.wav,0.0,0.0,0.0,0.003,0.036,0.0,0.008,0.923,0.03,0.0,pop
pop.00001.8.wav,0.0,0.0,0.003,0.011,0.009,0.0,0.004,0.962,0.008,0.003,pop
pop.00002.8.wav,0.01,0.0,0.041,0.072,0.037,0.009,0.006,0.732,0.062,0.031,pop
pop.00003.8.wav,0.001,0.001,0.043,0.104,0.016,0.008,0.005,0.779,0.015,0.028,pop
pop.00004.8.wav,0.013,0.003,0.407,0.175,0.036,0.032,0.009,0.17,0.08,0.075,pop
pop.00005.8.wav,0.009,0.007,0.051,0.024,0.013,0.105,0.003,0.644,0.025,0.119,pop
pop.00006.8.wav,0.027,0.005,0.039,0.031,0.039,0.041,0.003,0.725,0.07,0.02,pop
pop.00007.8.wav,0.008,0.001,0.156,0.205,0.051,0.048,0.014,0.4,0.05,0.067,pop
pop.00008.8.wav,0.001,0.004,0.02,0.166,0.013,0.007,0.013,0.727,0.017,0.032,pop
pop.00009.8.wav,0.011,0.001,0.041,0.068,0.039,0.011,0.003,0.725,0.063,0.038,pop
pop.00010.8.wav,0.058,0.031,0.256,0.107,0.036,0.13,0.018,0.138,0.125,0.101,pop
pop.00011.8.wav,0.008,0.0,0.087,0.132,0.017,0.014,0.002,0.695,0.013,0.032,pop
pop.00012.8.wav,0.035,0.007,0.156,0.133,0.137,0.069,0.013,0.208,0.187,0.055,pop
pop.00013.8.wav,0.017,0.008,0.14,0.034,0.019,0.023,0.012,0.649,0.036,0.062,pop
pop.00014.8.wav,0.0,0.0,0.002,0.032,0.033,0.002,0.009,0.893,0.026,0.003,pop
pop.00015.8.wav,0.005,0.0,0.015,0.149,0.039,0.007,0.009,0.728,0.032,0.016,pop
pop.00016.8.wav,0.009,0.008,0.092,0.371,0.045,0.028,0.03,0.239,0.05,0.128,pop
pop.00017.8.wav,0.001,0.001,0.01,0.051,0.007,0.001,0.007,0.913,0.003,0.006,pop
pop.00018.8.wav,0.0,0.0,0.001,0.009,0.029,0.0,0.003,0.945,0.013,0.0,pop
pop.00019.8.wav,0.0,0.0,0.001,0.013,0.01,0.001,0.0,0.969,0.006,0.0,pop
pop.00020.8.wav,0.002,0.004,0.006,0.062,0.142,0.008,0.017,0.553,0.141,0.065,pop
pop.00021.8.wav,0.001,0.0,0.001,0.011,0.015,0.003,0.0,0.961,0.008,0.0,pop
pop.00022.8.wav,0.001,0.0,0.001,0.01,0.02,0.0,0.001,0.953,0.01,0.004,pop
pop.00023.8.wav,0.0,0.0,0.0,0.002,0.005,0.001,0.006,0.986,0.0,0.0,pop
pop.00024.8.wav,0.002,0.0,0.011,0.021,0.042,0.001,0.002,0.888,0.023,0.01,pop
pop.00025.8.wav,0.013,0.0,0.014,0.032,0.073,0.003,0.001,0.827,0.03,0.007,pop
pop.00026.8.wav,0.005,0.0,0.026,0.059,0.019,0.006,0.004,0.843,0.026,0.012,pop
pop.00027.8.wav,0.002,0.0,0.012,0.11,0.005,0.003,0.003,0.854,0.004,0.007,pop
pop.00028.8.wav,0.003,0.0,0.009,0.046,0.016,0.01,0.001,0.896,0.01,0.009,pop
pop.00029.8.wav,0.003,0.0,0.006,0.036,0.016,0.002,0.001,0.923,0.009,0.004,pop
pop.00030.8.wav,0.004,0.001,0.006,0.05,0.036,0.002,0.002,0.865,0.027,0.007,pop
pop.00031.8.wav,0.004,0.0,0.001,0.053,0.044,0.003,0.01,0.768,0.101,0.016,pop
pop.00032.8.wav,0.0,0.001,0.027,0.169,0.02,0.004,0.006,0.693,0.042,0.038,pop
pop.00033.8.wav,0.001,0.0,0.005,0.054,0.008,0.001,0.002,0.906,0.016,0.007,pop
pop.00034.8.wav,0.002,0.0,0.007,0.043,0.022,0.001,0.0,0.911,0.01,0.004,pop
pop.00035.8.wav,0.0,0.0,0.002,0.016,0.01,0.004,0.005,0.951,0.005,0.007,pop
pop.00036.8.wav,0.001,0.0,0.011,0.083,0.093,0.003,0.003,0.741,0.06,0.005,pop
pop.00037.8.wav,0.001,0.0,0.009,0.049,0.021,0.005,0.0,0.901,0.008,0.006,pop
pop.00038.8.wav,0.0,0.0,0.003,0.011,0.012,0.001,0.006,0.955,0.009,0.003,pop
pop.00039.8.wav,0.072,0.012,0.15,0.129,0.055,0.075,0.01,0.401,0.061,0.035,pop
pop.00040.8.wav,0.133,0.016,0.267,0.051,0.071,0.063,0.004,0.105,0.229,0.061,pop
pop.00041.8.wav,0.002,0.0,0.002,0.023,0.076,0.001,0.002,0.866,0.024,0.004,pop
pop.00042.8.wav,0.011,0.002,0.023,0.058,0.1,0.004,0.007,0.745,0.045,0.005,pop
pop.00043.8.wav,0.0,0.0,0.001,0.009,0.028,0.0,0.003,0.951,0.008,0.0,pop
pop.00044.8.wav,0.0,0.0,0.0,0.003,0.031,0.0,0.0,0.954,0.012,0.0,pop
pop.00045.8.wav,0.0,0.0,0.0,0.003,0.026,0.0,0.005,0.952,0.014,0.0,pop
pop.00046.8.wav,0.0,0.0,0.001,0.015,0.026,0.0,0.007,0.927,0.024,0.0,pop
pop.00047.8.wav,0.001,0.0,0.001,0.034,0.021,0.002,0.011,0.894,0.028,0.008,pop
pop.00048.8.wav,0.011,0.0,0.024,0.043,0.057,0.003,0.006,0.708,0.125,0.023,pop
pop.00049.8.wav,0.002,0.0,0.0,0.005,0.142,0.0,0.008,0.789,0.053,0.001,pop
pop.00050.8.wav,0.001,0.0,0.0,0.007,0.039,0.001,0.003,0.914,0.033,0.002,pop
pop.00051.8.wav,0.0,0.0,0.0,0.002,0.031,0.001,0.007,0.938,0.021,0.0,pop
pop.00052.8.wav,0.021,0.0,0.013,0.019,0.149,0.002,0.0,0.743,0.039,0.014,pop
pop.00053.8.wav,0.002,0.0,0.0,0.006,0.022,0.0,0.003,0.944,0.019,0.004,pop
pop.00054.8.wav,0.0,0.0,0.0,0.005,0.076,0.0,0.001,0.892,0.024,0.002,pop
pop.00055.8.wav,0.0,0.0,0.0,0.002,0.053,0.0,0.004,0.904,0.037,0.0,pop
pop.00056.8.wav,0.0,0.0,0.001,0.003,0.037,0.001,0.003,0.923,0.032,0.0,pop
pop.00057.8.wav,0.0,0.0,0.002,0.007,0.065,0.0,0.0,0.896,0.03,0.0,pop
pop.00058.8.wav,0.001,0.0,0.0,0.008,0.059,0.001,0.006,0.883,0.042,0.0,pop
pop.00059.8.wav,0.0,0.0,0.0,0.0,0.011,0.0,0.0,0.972,0.017,0.0,pop
pop.00060.8.wav,0.002,0.0,0.001,0.021,0.216,0.002,0.009,0.666,0.078,0.005,pop
pop.00061.8.wav,0.015,0.002,0.011,0.031,0.107,0.007,0.011,0.769,0.041,0.006,pop
pop.00062.8.wav,0.028,0.005,0.08,0.037,0.017,0.052,0.003,0.708,0.049,0.021,pop
pop.00063.8.wav,0.015,0.0,0.007,0.034,0.072,0.002,0.008,0.801,0.05,0.011,pop
pop.00064.8.wav,0.005,0.001,0.011,0.045,0.099,0.004,0.003,0.75,0.076,0.006,pop
pop.00065.8.wav,0.01,0.001,0.014,0.038,0.124,0.005,0.0,0.73,0.062,0.016,pop
pop.00066.8.wav,0.0,0.0,0.002,0.011,0.01,0.0,0.003,0.966,0.007,0.001,pop
pop.00067.8.wav,0.0,0.0,0.0,0.008,0.059,0.0,0.001,0.899,0.033,0.0,pop
pop.00068.8.wav,0.011,0.003,0.023,0.055,0.051,0.004,0.018,0.757,0.026,0.052,pop
pop.00069.8.wav,0.0,0.0,0.003,0.019,0.09,0.0,0.003,0.822,0.057,0.006,pop
pop.00070.8.wav,0.002,0.0,0.0,0.022,0.014,0.001,0.002,0.931,0.027,0.001,pop
pop.00071.8.wav,0.004,0.002,0.016,0.121,0.042,0.002,0.009,0.772,0.02,0.012,pop
pop.00072.8.wav,0.001,0.0,0.006,0.045,0.022,0.0,0.002,0.911,0.009,0.004,pop
pop.00073.8.wav,0.0,0.0,0.003,0.008,0.073,0.0,0.007,0.84,0.069,0.0,pop
pop.00074.8.wav,0.004,0.001,0.002,0.039,0.137,0.002,0.04,0.732,0.039,0.004,pop
pop.00075.8.wav,0.0,0.0,0.0,0.02,0.065,0.002,0.008,0.871,0.03,0.004,pop
pop.00076.8.wav,0.001,0.0,0.001,0.005,0.006,0.001,0.001,0.98,0.005,0.0,pop
pop.00077.8.wav,0.001,0.0,0.0,0.002,0.037,0.0,0.002,0.955,0.003,0.0,pop
pop.00078.8.wav,0.043,0.005,0.151,0.224,0.084,0.035,0.007,0.101,0.219,0.131,pop
pop.00079.8.wav,0.001,0.0,0.003,0.021,0.028,0.0,0.003,0.921,0.021,0.002,pop
pop.00080.8.wav,0.022,0.0,0.139,0.226,0.102,0.011,0.009,0.199,0.227,0.065,pop
pop.00081.8.wav,0.004,0.001,0.02,0.116,0.026,0.008,0.007,0.783,0.019,0.016,pop
pop.00082.8.wav,0.007,0.002,0.051,0.076,0.018,0.038,0.007,0.752,0.023,0.026,pop
pop.00083.8.wav,0.0,0.0,0.0,0.003,0.077,0.001,0.005,0.871,0.042,0.001,pop
pop.00084.8.wav,0.001,0.0,0.001,0.003,0.156,0.0,0.003,0.751,0.079,0.006,pop
pop.00085.8.wav,0.002,0.0,0.017,0.124,0.007,0.004,0.009,0.776,0.026,0.035,pop
pop.00086.8.wav,0.006,0.0,0.046,0.176,0.025,0.01,0.02,0.644,0.038,0.035,pop
pop.00087.8.wav,0.0,0.0,0.002,0.005,0.017,0.0,0.002,0.962,0.011,0.001,pop
pop.00088.8.wav,0.0,0.0,0.001,0.014,0.07,0.001,0.011,0.858,0.043,0.002,pop
pop.00089.8.wav,0.006,0.0,0.002,0.016,0.019,0.005,0.013,0.911,0.023,0.005,pop
pop.00090.8.wav,0.002,0.0,0.001,0.019,0.026,0.003,0.002,0.931,0.011,0.005,pop
pop.00091.8.wav,0.001,0.0,0.002,0.034,0.021,0.0,0.01,0.914,0.015,0.003,pop
pop.00092.8.wav,0.008,0.0,0.005,0.048,0.022,0.002,0.002,0.894,0.014,0.005,pop
pop.00093.8.wav,0.012,0.004,0.071,0.132,0.032,0.029,0.012,0.615,0.044,0.049,pop
pop.00094.8.wav,0.001,0.0,0.001,0.006,0.046,0.001,0.007,0.92,0.016,0.002,pop
pop.00095.8.wav,0.003,0.0,0.007,0.018,0.014,0.003,0.007,0.933,0.011,0.004,pop
pop.00096.8.wav,0.0,0.0,0.005,0.028,0.085,0.0,0.037,0.684,0.156,0.005,pop
pop.00097.8.wav,0.003,0.0,0.005,0.023,0.073,0.001,0.0,0.853,0.04,0.002,pop
pop.00098.8.wav,0.011,0.002,0.023,0.129,0.047,0.011,0.048,0.616,0.081,0.032,pop
pop.00099.8.wav,0.104,0.002,0.182,0.224,0.118,0.031,0.029,0.039,0.184,0.087,pop
reggae.00000.8.wav,0.04,0.007,0.141,0.027,0.005,0.027,0.005,0.007,0.675,0.066,reggae
reggae.00001.8.wav,0.147,0.003,0.217,0.057,0.05,0.013,0.012,0.01,0.405,0.086,reggae
reggae.00002.8.wav,0.023,0.0,0.002,0.02,0.02,0.001,0.0,0.002,0.912,0.02,reggae
reggae.00003.8.wav,0.021,0.002,0.006,0.02,0.045,0.001,0.001,0.003,0.881,0.02,reggae
reggae.00004.8.wav,0.087,0.002,0.043,0.018,0.017,0.006,0.001,0.002,0.799,0.025,reggae
reggae.00005.8.wav,0.132,0.0,0.063,0.006,0.006,0.009,0.0,0.001,0.767,0.016,reggae
reggae.00006.8.wav,0.034,0.002,0.02,0.014,0.017,0.004,0.0,0.003,0.89,0.016,reggae
reggae.00007.8.wav,0.101,0.0,0.024,0.007,0.008,0.004,0.0,0.0,0.848,0.008,reggae
reggae.00008.8.wav,0.053,0.0,0.012,0.005,0.02,0.005,0.0,0.007,0.883,0.015,reggae
reggae.00009.8.wav,0.187,0.003,0.15,0.075,0.096,0.011,0.01,0.022,0.267,0.179,reggae
reggae.00010.8.wav,0.108,0.003,0.109,0.108,0.089,0.008,0.019,0.006,0.447,0.103,reggae
reggae.00011.8.wav,0.019,0.002,0.017,0.149,0.274,0.001,0.012,0.003,0.448,0.075,reggae
reggae.00012.8.wav,0.049,0.0,0.017,0.017,0.02,0.002,0.002,0.006,0.848,0.039,reggae
reggae.00013.8.wav,0.021,0.001,0.002,0.003,0.016,0.002,0.001,0.003,0.942,0.009,reggae
reggae.00014.8.wav,0.114,0.0,0.067,0.068,0.113,0.008,0.01,0.016,0.532,0.072,reggae
reggae.00015.8.wav,0.065,0.0,0.021,0.139,0.032,0.007,0.03,0.006,0.659,0.041,reggae
reggae.00016.8.wav,0.035,0.001,0.019,0.02,0.057,0.003,0.003,0.001,0.841,0.02,reggae
reggae.00017.8.wav,0.016,0.001,0.009,0.019,0.034,0.001,0.003,0.003,0.901,0.013,reggae
reggae.00018.8.wav,0.012,0.001,0.003,0.006,0.049,0.001,0.003,0.003,0.907,0.015,reggae
reggae.00019.8.wav,0.154,0.002,0.022,0.017,0.057,0.01,0.004,0.01,0.678,0.046,reggae
reggae.00020.8.wav,0.069,0.002,0.063,0.074,0.064,0.005,0.018,0.003,0.658,0.044,reggae
reggae.00021.8.wav,0.034,0.0,0.022,0.051,0.112,0.006,0.044,0.007,0.68,0.044,reggae
reggae.00022.8.wav,0.024,0.001,0.012,0.126,0.077,0.002,0.041,0.006,0.682,0.029,reggae
reggae.00023.8.wav,0.153,0.002,0.088,0.056,0.07,0.012,0.009,0.019,0.526,0.065,reggae
reggae.00024.8.wav,0.068,0.0,0.018,0.018,0.059,0.009,0.006,0.012,0.758,0.052,reggae
reggae.00025.8.wav,0.063,0.001,0.014,0.029,0.085,0.007,0.009,0.014,0.739,0.039,reggae
reggae.00026.8.wav,0.034,0.0,0.007,0.086,0.238,0.0,0.016,0.019,0.548,0.052,reggae
reggae.00027.8.wav,0.019,0.001,0.009,0.016,0.058,0.0,0.01,0.001,0.867,0.019,reggae
reggae.00028.8.wav,0.034,0.002,0.041,0.011,0.046,0.008,0.009,0.001,0.801,0.047,reggae
reggae.00029.8.wav,0.014,0.0,0.017,0.027,0.079,0.003,0.017,0.002,0.821,0.02,reggae
reggae.00030.8.wav,0.053,0.003,0.033,0.035,0.125,0.001,0.01,0.004,0.701,0.035,reggae
reggae.00031.8.wav,0.049,0.008,0.052,0.011,0.058,0.012,0.01,0.004,0.752,0.044,reggae
reggae.00032.8.wav,0.029,0.002,0.031,0.009,0.038,0.006,0.003,0.001,0.844,0.037,reggae
reggae.00033.8.wav,0.081,0.0,0.045,0.005,0.021,0.007,0.004,0.0,0.822,0.015,reggae
reggae.00034.8.wav,0.079,0.0,0.083,0.027,0.087,0.007,0.004,0.003,0.668,0.042,reggae
reggae.00035.8.wav,0.061,0.002,0.028,0.048,0.136,0.002,0.01,0.014,0.651,0.048,reggae
reggae.00036.8.wav,0.037,0.004,0.018,0.033,0.228,0.001,0.009,0.012,0.633,0.025,reggae
reggae.00037.8.wav,0.048,0.001,0.034,0.02,0.025,0.004,0.001,0.003,0.837,0.027,reggae
reggae.00038.8.wav,0.101,0.004,0.023,0.014,0.041,0.009,0.001,0.001,0.791,0.015,reggae
reggae.00039.8.wav,0.05,0.005,0.043,0.018,0.049,0.011,0.004,0.008,0.739,0.073,reggae
reggae.00040.8.wav,0.037,0.001,0.051,0.003,0.029,0.011,0.008,0.004,0.817,0.039,reggae
reggae.00041.8.wav,0.005,0.001,0.021,0.025,0.069,0.006,0.003,0.016,0.847,0.007,reggae
reggae.00042.8.wav,0.037,0.011,0.127,0.014,0.018,0.051,0.004,0.008,0.704,0.026,reggae
reggae.00043.8.wav,0.012,0.001,0.061,0.136,0.272,0.002,0.01,0.135,0.326,0.045,reggae
reggae.00044.8.wav,0.004,0.0,0.014,0.065,0.079,0.0,0.006,0.078,0.745,0.009,reggae
reggae.00045.8.wav,0.015,0.001,0.099,0.038,0.044,0.011,0.005,0.016,0.723,0.048,reggae
reggae.00046.8.wav,0.015,0.001,0.049,0.022,0.069,0.005,0.003,0.016,0.791,0.029,reggae
reggae.00047.8.wav,0.012,0.0,0.02,0.042,0.082,0.003,0.005,0.011,0.809,0.016,reggae
reggae.00048.8.wav,0.018,0.001,0.211,0.26,0.117,0.016,0.011,0.086,0.169,0.111,reggae
reggae.00049.8.wav,0.005,0.0,0.005,0.044,0.118,0.001,0.004,0.054,0.757,0.012,reggae
reggae.00050.8.wav,0.0,0.002,0.004,0.06,0.126,0.0,0.014,0.054,0.73,0.01,reggae
reggae.00051.8.wav,0.0,0.001,0.002,0.011,0.123,0.0,0.004,0.158,0.7,0.001,reggae
reggae.00052.8.wav,0.008,0.0,0.002,0.028,0.14,0.002,0.002,0.008,0.8,0.01,reggae
reggae.00053.8.wav,0.001,0.001,0.008,0.018,0.056,0.001,0.0,0.036,0.868,0.011,reggae
reggae.00054.8.wav,0.005,0.004,0.036,0.054,0.05,0.03,0.009,0.057,0.695,0.06,reggae
reggae.00055.8.wav,0.016,0.001,0.029,0.031,0.08,0.005,0.005,0.072,0.735,0.026,reggae
reggae.00056.8.wav,0.007,0.0,0.005,0.017,0.045,0.004,0.001,0.042,0.867,0.012,reggae
reggae.00057.8.wav,0.011,0.0,0.013,0.028,0.072,0.009,0.002,0.052,0.794,0.019,reggae
reggae.00058.8.wav,0.009,0.001,0.048,0.094,0.172,0.006,0.005,0.092,0.541,0.032,reggae
reggae.00059.8.wav,0.017,0.011,0.076,0.02,0.015,0.033,0.005,0.011,0.738,0.074,reggae
reggae.00060.8.wav,0.011,0.0,0.008,0.025,0.119,0.002,0.006,0.074,0.745,0.01,reggae
reggae.00061.8.wav,0.004,0.001,0.005,0.015,0.05,0.002,0.001,0.014,0.893,0.015,reggae
reggae.00062.8.wav,0.007,0.003,0.025,0.015,0.051,0.006,0.004,0.014,0.864,0.011,reggae
reggae.00063.8.wav,0.007,0.0,0.003,0.018,0.114,0.0,0.006,0.109,0.736,0.007,reggae
reggae.00064.8.wav,0.004,0.0,0.003,0.01,0.224,0.001,0.002,0.045,0.706,0.005,reggae
reggae.00065.8.wav,0.057,0.0,0.053,0.02,0.094,0.004,0.004,0.013,0.729,0.026,reggae
reggae.00066.8.wav,0.082,0.009,0.226,0.068,0.088,0.048,0.004,0.126,0.272,0.077,reggae
reggae.00067.8.wav,0.041,0.002,0.057,0.032,0.13,0.016,0.006,0.081,0.606,0.029,reggae
reggae.00068.8.wav,0.008,0.0,0.022,0.03,0.047,0.009,0.002,0.037,0.83,0.015,reggae
reggae.00069.8.wav,0.091,0.005,0.123,0.053,0.148,0.02,0.002,0.049,0.493,0.016,reggae
reggae.00070.8.wav,0.005,0.0,0.003,0.043,0.352,0.002,0.014,0.081,0.48,0.02,reggae
reggae.00071.8.wav,0.001,0.0,0.006,0.026,0.098,0.0,0.003,0.188,0.671,0.007,reggae
reggae.00072.8.wav,0.016,0.0,0.044,0.089,0.255,0.012,0.019,0.127,0.418,0.02,reggae
reggae.00073.8.wav,0.006,0.001,0.033,0.041,0.109,0.014,0.018,0.063,0.676,0.039,reggae
reggae.00074.8.wav,0.005,0.0,0.02,0.088,0.1,0.004,0.007,0.059,0.707,0.01,reggae
reggae.00075.8.wav,0.005,0.0,0.0,0.005,0.185,0.001,0.003,0.081,0.715,0.005,reggae
reggae.00076.8.wav,0.057,0.003,0.146,0.08,0.286,0.017,0.011,0.059,0.254,0.087,reggae
reggae.00077.8.wav,0.019,0.0,0.033,0.014,0.063,0.006,0.01,0.011,0.829,0.015,reggae
reggae.00078.8.wav,0.006,0.003,0.016,0.074,0.089,0.008,0.019,0.029,0.705,0.051,reggae
reggae.00079.8.wav,0.003,0.001,0.002,0.017,0.153,0.002,0.003,0.033,0.784,0.002,reggae
reggae.00080.8.wav,0.002,0.0,0.001,0.01,0.243,0.002,0.006,0.051,0.683,0.002,reggae
reggae.00081.8.wav,0.001,0.0,0.001,0.006,0.162,0.001,0.003,0.032,0.793,0.001,reggae
reggae.00082.8.wav,0.186,0.01,0.09,0.028,0.077,0.074,0.002,0.038,0.411,0.084,reggae
reggae.00083.8.wav,0.063,0.004,0.099,0.008,0.008,0.028,0.001,0.014,0.739,0.036,reggae
reggae.00084.8.wav,0.083,0.006,0.039,0.013,0.053,0.028,0.008,0.012,0.721,0.037,reggae
reggae.00085.8.wav,0.008,0.001,0.012,0.047,0.064,0.0,0.013,0.136,0.644,0.075,reggae
reggae.00086.8.wav,0.002,0.001,0.001,0.008,0.074,0.0,0.002,0.268,0.641,0.003,reggae
reggae.00087.8.wav,0.012,0.001,0.009,0.128,0.084,0.007,0.027,0.552,0.165,0.015,reggae
reggae.00088.8.wav,0.09,0.006,0.051,0.035,0.039,0.022,0.003,0.011,0.699,0.044,reggae
reggae.00089.8.wav,0.008,0.0,0.0,0.037,0.166,0.001,0.008,0.027,0.752,0.001,reggae
reggae.00090.8.wav,0.005,0.0,0.018,0.055,0.055,0.001,0.003,0.014,0.841,0.008,reggae
reggae.00091.8.wav,0.021,0.005,0.047,0.036,0.058,0.009,0.015,0.004,0.777,0.028,reggae
reggae.00092.8.wav,0.034,0.003,0.103,0.042,0.164,0.016,0.002,0.101,0.497,0.038,reggae
reggae.00093.8.wav,0.014,0.002,0.149,0.063,0.019,0.004,0.002,0.047,0.662,0.038,reggae
reggae.00094.8.wav,0.009,0.005,0.033,0.073,0.049,0.016,0.008,0.04,0.646,0.121,reggae
reggae.00095.8.wav,0.08,0.002,0.046,0.024,0.349,0.012,0.022,0.036,0.38,0.049,reggae
reggae.00096.8.wav,0.045,0.009,0.065,0.032,0.02,0.061,0.006,0.015,0.708,0.039,reggae
reggae.00097.8.wav,0.018,0.001,0.086,0.064,0.044,0.012,0.001,0.027,0.704,0.043,reggae
reggae.00098.8.wav,0.041,0.015,0.078,0.235,0.086,0.041,0.13,0.031,0.032,0.311,reggae
reggae.00099.8.wav,0.098,0.004,0.12,0.184,0.065,0.014,0.065,0.014,0.029,0.407,reggae
rock.00000.8.wav,0.047,0.013,0.079,0.009,0.016,0.029,0.021,0.002,0.012,0.772,rock
rock.00001.8.wav,0.13,0.001,0.084,0.137,0.202,0.021,0.013,0.013,0.184,0.215,rock
rock.00002.8.wav,0.117,0.001,0.038,0.031,0.053,0.004,0.002,0.006,0.071,0.677,rock
rock.00003.8.wav,0.218,0.004,0.224,0.032,0.064,0.03,0.017,0.004,0.098,0.309,rock
rock.00004.8.wav,0.031,0.035,0.051,0.014,0.01,0.041,0.024,0.008,0.008,0.778,rock
rock.00005.8.wav,0.085,0.004,0.154,0.008,0.024,0.002,0.008,0.004,0.014,0.697,rock
rock.00006.8.wav,0.131,0.074,0.343,0.018,0.009,0.116,0.009,0.0,0.021,0.279,rock
rock.00007.8.wav,0.028,0.052,0.008,0.019,0.002,0.039,0.093,0.002,0.002,0.755,rock
rock.00008.8.wav,0.045,0.017,0.058,0.022,0.011,0.056,0.012,0.005,0.026,0.748,rock
rock.00009.8.wav,0.153,0.002,0.281,0.112,0.057,0.013,0.023,0.014,0.1,0.245,rock
rock.00010.8.wav,0.144,0.002,0.309,0.11,0.036,0.081,0.042,0.019,0.087,0.17,rock
rock.00011.8.wav,0.079,0.002,0.109,0.017,0.017,0.004,0.003,0.002,0.086,0.681,rock
rock.00012.8.wav,0.077,0.0,0.04,0.056,0.043,0.004,0.018,0.005,0.082,0.675,rock
rock.00013.8.wav,0.085,0.002,0.052,0.063,0.061,0.007,0.015,0.009,0.519,0.187,rock
rock.00014.8.wav,0.023,0.0,0.014,0.023,0.055,0.0,0.001,0.007,0.201,0.676,rock
rock.00015.8.wav,0.068,0.002,0.033,0.244,0.058,0.012,0.29,0.002,0.018,0.273,rock
rock.00016.8.wav,0.055,0.003,0.005,0.038,0.002,0.008,0.395,0.0,0.001,0.493,rock
rock.00017.8.wav,0.006,0.0,0.002,0.082,0.018,0.0,0.17,0.002,0.003,0.717,rock
rock.00018.8.wav,0.016,0.003,0.001,0.042,0.003,0.009,0.14,0.0,0.002,0.784,rock
rock.00019.8.wav,0.011,0.002,0.026,0.058,0.01,0.002,0.031,0.003,0.006,0.851,rock
rock.00020.8.wav,0.019,0.001,0.027,0.08,0.017,0.004,0.041,0.003,0.004,0.804,rock
rock.00021.8.wav,0.034,0.005,0.024,0.071,0.013,0.009,0.046,0.003,0.011,0.784,rock
rock.00022.8.wav,0.122,0.016,0.056,0.112,0.012,0.048,0.155,0.003,0.005,0.471,rock
rock.00023.8.wav,0.125,0.038,0.031,0.063,0.009,0.06,0.253,0.002,0.007,0.412,rock
rock.00024.8.wav,0.033,0.0,0.004,0.021,0.002,0.002,0.21,0.0,0.001,0.727,rock
rock.00025.8.wav,0.025,0.002,0.005,0.032,0.001,0.002,0.133,0.0,0.0,0.8,rock
rock.00026.8.wav,0.007,0.007,0.055,0.075,0.008,0.029,0.053,0.011,0.013,0.742,rock
rock.00027.8.wav,0.013,0.011,0.059,0.03,0.014,0.017,0.022,0.023,0.035,0.776,rock
rock.00028.9.wav,0.009,0.012,0.022,0.029,0.007,0.051,0.028,0.007,0.001,0.834,rock
rock.00029.9.wav,0.02,0.003,0.182,0.219,0.077,0.048,0.063,0.066,0.134,0.188,rock
rock.00030.9.wav,0.003,0.001,0.04,0.14,0.029,0.005,0.005,0.039,0.067,0.671,rock
rock.00031.9.wav,0.029,0.008,0.054,0.074,0.014,0.053,0.021,0.022,0.012,0.713,rock
rock.00032.9.wav,0.008,0.027,0.081,0.023,0.012,0.129,0.005,0.008,0.01,0.697,rock
rock.00033.9.wav,0.008,0.003,0.052,0.048,0.006,0.033,0.024,0.011,0.004,0.811,rock
rock.00034.9.wav,0.018,0.047,0.055,0.04,0.034,0.13,0.07,0.052,0.041,0.513,rock
rock.00035.9.wav,0.017,0.006,0.135,0.17,0.022,0.047,0.103,0.072,0.024,0.404,rock
rock.00036.9.wav,0.005,0.01,0.037,0.057,0.009,0.013,0.043,0.016,0.014,0.796,rock
rock.00037.9.wav,0.028,0.0,0.148,0.265,0.16,0.017,0.029,0.186,0.113,0.054,rock
rock.00039.0.wav,0.008,0.037,0.021,0.028,0.006,0.032,0.046,0.024,0.015,0.783,rock
rock.00040.0.wav,0.012,0.0,0.081,0.418,0.068,0.02,0.016,0.226,0.069,0.09,rock
rock.00041.0.wav,0.012,0.007,0.05,0.18,0.025,0.04,0.017,0.147,0.06,0.462,rock
rock.00042.0.wav,0.002,0.003,0.035,0.095,0.039,0.012,0.009,0.05,0.059,0.696,rock
rock.00043.0.wav,0.01,0.006,0.02,0.12,0.036,0.032,0.011,0.078,0.039,0.648,rock
rock.00044.0.wav,0.013,0.06,0.051,0.016,0.001,0.144,0.007,0.012,0.004,0.692,rock
rock.00045.0.wav,0.038,0.117,0.033,0.002,0.004,0.091,0.037,0.002,0.004,0.672,rock
rock.00046.0.wav,0.002,0.023,0.039,0.035,0.005,0.076,0.004,0.018,0.008,0.79,rock
rock.00047.0.wav,0.003,0.0,0.131,0.285,0.131,0.021,0.025,0.153,0.143,0.108,rock
rock.00048.0.wav,0.113,0.153,0.191,0.047,0.016,0.227,0.032,0.011,0.034,0.176,rock
rock.00049.0.wav,0.001,0.033,0.037,0.013,0.008,0.063,0.01,0.028,0.018,0.789,rock
rock.00050.0.wav,0.017,0.015,0.027,0.034,0.016,0.089,0.003,0.039,0.028,0.732,rock
rock.00051.0.wav,0.01,0.005,0.047,0.091,0.02,0.026,0.006,0.064,0.023,0.708,rock
rock.00052.0.wav,0.062,0.001,0.148,0.075,0.16,0.013,0.002,0.103,0.359,0.077,rock
rock.00053.0.wav,0.005,0.013,0.025,0.065,0.009,0.057,0.024,0.031,0.012,0.759,rock
rock.00054.0.wav,0.021,0.078,0.238,0.08,0.025,0.199,0.039,0.042,0.076,0.202,rock
rock.00055.0.wav,0.016,0.021,0.05,0.044,0.011,0.024,0.011,0.02,0.031,0.772,rock
rock.00056.0.wav,0.002,0.01,0.007,0.071,0.011,0.057,0.033,0.034,0.01,0.765,rock
rock.00057.0.wav,0.004,0.003,0.033,0.092,0.002,0.082,0.005,0.029,0.007,0.743,rock
rock.00058.0.wav,0.006,0.013,0.068,0.046,0.003,0.112,0.005,0.026,0.031,0.69,rock
rock.00059.0.wav,0.018,0.032,0.141,0.1,0.023,0.268,0.02,0.076,0.094,0.228,rock
rock.00060.0.wav,0.003,0.007,0.059,0.066,0.002,0.051,0.009,0.036,0.021,0.746,rock
rock.00061.0.wav,0.029,0.041,0.139,0.062,0.02,0.28,0.014,0.065,0.127,0.223,rock
rock.00062.0.wav,0.006,0.005,0.048,0.046,0.023,0.046,0.009,0.055,0.085,0.677,rock
rock.00063.0.wav,0.051,0.035,0.034,0.004,0.034,0.048,0.0,0.01,0.137,0.647,rock
rock.00064.0.wav,0.066,0.004,0.023,0.051,0.011,0.008,0.037,0.0,0.003,0.797,rock
rock.00065.0.wav,0.064,0.002,0.021,0.047,0.027,0.005,0.09,0.0,0.009,0.735,rock
rock.00066.0.wav,0.039,0.017,0.044,0.056,0.013,0.041,0.025,0.002,0.043,0.72,rock
rock.00067.0.wav,0.019,0.0,0.019,0.146,0.028,0.002,0.036,0.0,0.028,0.722,rock
rock.00068.0.wav,0.049,0.004,0.017,0.053,0.009,0.017,0.12,0.001,0.003,0.727,rock
rock.00069.0.wav,0.032,0.022,0.039,0.041,0.01,0.06,0.033,0.002,0.017,0.744,rock
rock.00070.0.wav,0.039,0.001,0.023,0.046,0.028,0.012,0.05,0.003,0.044,0.754,rock
rock.00071.0.wav,0.053,0.003,0.028,0.055,0.051,0.008,0.075,0.004,0.018,0.705,rock
rock.00072.0.wav,0.032,0.001,0.027,0.086,0.015,0.009,0.019,0.005,0.025,0.781,rock
rock.00073.0.wav,0.021,0.001,0.005,0.076,0.012,0.004,0.128,0.005,0.005,0.743,rock
rock.00074.0.wav,0.242,0.014,0.028,0.051,0.013,0.054,0.306,0.003,0.003,0.286,rock
rock.00075.0.wav,0.093,0.002,0.036,0.399,0.152,0.007,0.097,0.006,0.06,0.148,rock
rock.00076.0.wav,0.059,0.003,0.128,0.022,0.02,0.009,0.002,0.004,0.056,0.697,rock
rock.00077.0.wav,0.027,0.0,0.01,0.102,0.029,0.007,0.078,0.006,0.016,0.725,rock
rock.00078.0.wav,0.116,0.005,0.22,0.15,0.072,0.014,0.024,0.014,0.172,0.213,rock
rock.00079.0.wav,0.034,0.004,0.018,0.024,0.006,0.027,0.049,0.0,0.003,0.835,rock
rock.00080.0.wav,0.061,0.004,0.012,0.057,0.006,0.014,0.058,0.0,0.002,0.786,rock
rock.00081.0.wav,0.054,0.002,0.052,0.097,0.02,0.003,0.031,0.004,0.015,0.722,rock
rock.00082.0.wav,0.042,0.005,0.012,0.089,0.025,0.019,0.043,0.005,0.005,0.755,rock
rock.00083.0.wav,0.077,0.009,0.016,0.011,0.002,0.015,0.092,0.0,0.002,0.776,rock
rock.00084.0.wav,0.039,0.001,0.012,0.066,0.011,0.033,0.042,0.002,0.004,0.79,rock
rock.00085.0.wav,0.147,0.024,0.144,0.171,0.033,0.054,0.073,0.015,0.088,0.251,rock
rock.00086.0.wav,0.027,0.004,0.065,0.279,0.08,0.011,0.126,0.006,0.091,0.311,rock
rock.00087.0.wav,0.043,0.002,0.008,0.028,0.004,0.011,0.137,0.0,0.0,0.767,rock
rock.00088.0.wav,0.026,0.005,0.022,0.114,0.027,0.012,0.066,0.005,0.011,0.712,rock
rock.00089.0.wav,0.126,0.019,0.452,0.05,0.023,0.061,0.009,0.004,0.092,0.164,rock
rock.00090.0.wav,0.115,0.022,0.024,0.036,0.016,0.062,0.038,0.006,0.009,0.672,rock
rock.00091.0.wav,0.01,0.001,0.002,0.023,0.002,0.001,0.217,0.001,0.0,0.743,rock
rock.00092.0.wav,0.051,0.011,0.002,0.011,0.001,0.011,0.166,0.0,0.0,0.747,rock
rock.00093.0.wav,0.058,0.038,0.027,0.013,0.001,0.073,0.043,0.002,0.002,0.743,rock
rock.00094.0.wav,0.118,0.035,0.007,0.02,0.0,0.029,0.484,0.0,0.0,0.307,rock
rock.00095.0.wav,0.094,0.035,0.069,0.045,0.005,0.122,0.126,0.007,0.007,0.49,rock
rock.00096.0.wav,0.017,0.034,0.012,0.016,0.003,0.035,0.065,0.002,0.0,0.816,rock
rock.00097.0.wav,0.015,0.008,0.004,0.01,0.004,0.012,0.179,0.0,0.0,0.768,rock
rock.00098.0.wav,0.061,0.011,0.111,0.011,0.007,0.061,0.013,0.002,0.012,0.711,rock
rock.00099.0.wav,0.047,0.034,0.064,0.02,0.008,0.079,0.025,0.001,0.043,0.679,rock
